-- phpMyAdmin SQL Dump
-- version 5.2.1
-- https://www.phpmyadmin.net/
--
-- Host: 127.0.0.1:3306
-- Generation Time: Mar 28, 2025 at 03:36 PM
-- Server version: 10.11.10-MariaDB-log
-- PHP Version: 7.2.34

SET SQL_MODE = "NO_AUTO_VALUE_ON_ZERO";
START TRANSACTION;
SET time_zone = "+00:00";


/*!40101 SET @OLD_CHARACTER_SET_CLIENT=@@CHARACTER_SET_CLIENT */;
/*!40101 SET @OLD_CHARACTER_SET_RESULTS=@@CHARACTER_SET_RESULTS */;
/*!40101 SET @OLD_COLLATION_CONNECTION=@@COLLATION_CONNECTION */;
/*!40101 SET NAMES utf8mb4 */;

--
-- Database: `u852370365_nepalcc`
--

-- --------------------------------------------------------

--
-- Table structure for table `bank_payment_details`
--

CREATE TABLE `bank_payment_details` (
  `bank_detail_id` int(11) NOT NULL,
  `bank_name` varchar(100) NOT NULL,
  `account_number` varchar(50) NOT NULL,
  `account_name` varchar(100) NOT NULL,
  `swift_code` varchar(50) DEFAULT NULL,
  `ifsc_code` varchar(50) DEFAULT NULL,
  `instructions` text DEFAULT NULL,
  `qr_image` blob DEFAULT NULL
) ENGINE=InnoDB DEFAULT CHARSET=utf8mb4 COLLATE=utf8mb4_general_ci;

--
-- Dumping data for table `bank_payment_details`
--

INSERT INTO `bank_payment_details` (`bank_detail_id`, `bank_name`, `account_number`, `account_name`, `swift_code`, `ifsc_code`, `instructions`, `qr_image`) VALUES
(9, 'NIC ASIA BANK LIMITED', '0685753303212001', '', '', '', 'Make sure send a exact amount otherwise result is  loss.', 0xffd8ffe000104a46494600010100000100010000ffdb004300080606070605080707070909080a0c140d0c0b0b0c1912130f141d1a1f1e1d1a1c1c20242e2720222c231c1c2837292c30313434341f27393d38323c2e333432ffdb0043010909090c0b0c180d0d1832211c213232323232323232323232323232323232323232323232323232323232323232323232323232323232323232323232323232ffc0001108029102cc03012200021101031101ffc4001c0001000203010101000000000000000000000607040508020301ffc4005910000005030103030d0d0603050802020300010203040506111207132114319408151637415155719192b3d1d2171832343652545675818384a12223536193b44662c3253342b1c124262728437374b272a2356382f0f1ffc4001b01010002030101000000000000000000000002040103050607ffc400311101000201020402090402030000000000000102030411121321310551061422323341526171168191a115c12342e1ffda000c03010002110311003f00bfc0000063cbff0072af10c81f1929d4d197f201f601e50ad4da55df2231e80000000000000000000000000000000000000000000000000000000000000000000000000000000000000000000000000000000000000000000000000000000000000000000000000000000000000000000000000000000000000000000000000000000795ab4b6a5778b203e313fdca7c43207c63274b445fc87d80000000000007870b29c0f60031a32b4e595739714ff32192319f64d58520f0a2e24643f1b9845fb2ff00ec2bbfdc3019403f094951648c8c87e8000000000000000000000000000000000000000000000000000000000000000000000000000000000000000000000000000000000000000000000000000000000000000000000000000000000000000000000000000000000000000000000fc351171332201fa31a4af56194f39f157f221f8e4b49fecb1fb6aeff007087ec768d3952cf2a3e266603ee82c24887a00000000000000000001f27584b858321f50018074f4971419a7c4781e3903bfc777cf31b1c906a2ef80d772077f8eef9e61c81dfe3bbe798d8ea2ef86a2ef80d772077f8eef9e61c81dfe3bbe798d8ea2ef86a2ef80d772077f8eef9e61c81dfe3bbe798d8ea2ef86a2ef80d772077f8eef9e61c81dfe3bbe798d8ea2ef86a2ef80d772077f8eef9e61c81dfe3bbe798d8ea2ef86a2ef80d772077f8eef9e61c81dfe3bbe798d8ea2ef86a2ef80d772077f8eef9e61c81dfe3bbe798d8ea2ef86a2ef80d772077f8eef9e61c81dfe3bbe798d8ea2ef86a2ef80d772077f8eef9e61c81dfe3bbe798d8ea2ef86a2ef80d772077f8eef9e61c81dfe3bbe798d8ea2ef86a2ef80d772077f8eef9e61c81dfe3bbe798d8ea2ef86a2ef80d772077f8eef9e61c81dfe3bbe798d8ea2ef86a2ef80d772077f8eef9e61c81dfe3bbe798d8ea2ef86a2ef80d772077f8eef9e61c81dfe3bbe798d8ea2ef86a2ef80d772077f8eef9e61c81dfe3bbe798d8ea2ef86a2ef80d772077f8eef9e61c81dfe3bbe798d8ea2ef86a2ef80d772077f8eef9e61c81dfe3bbe798d8ea2ef86a2ef80d772077f8eef9e61c81dfe3bbe798d8ea2ef86a2ef80d772077f8eef9e61c81dfe3bbe798d8ea2ef86a2ef80d772077f8eef9e61c81dfe3bbe798d8ea2ef86a2ef80d772077f8eef9e61c81dfe3bbe798d8ea2ef86a2ef80d772077f8eef9e61c81dfe3bbe798d8ea2ef86a2ef80d772077f8eef9e61c81dfe3bbe798d8ea2ef86a2ef80d772077f8eef9e61c81dfe3bbe798d8ea2ef86a2ef80d772077f8eef9e61c81dfe3bbe798d8ea2ef86a2ef80d772077f8eef9e61c81dfe3bbe798d8ea2ef86a2ef80d772077f8eef9e61c81dfe3bbe798d8ea2ef86a2ef80d772077f8eef9e61c81dfe3bbe798d8ea2ef86a2ef80d772077f8eef9e61c81dfe3bbe798d8ea2ef86a2ef80d772077f8eef9e61c81dfe3bbe798d8ea2ef86a2ef80d772077f8eef9e61c81dfe3bbe798d8ea2ef86a2ef80d772077f8eef9e61c81dfe3bbe798d8ea2ef86a2ef80d772077f8eef9e61c81dfe3bbe798d8ea2ef86a2ef80d772077f8eef9e61c81dfe3bbe798d8ea2ef86a2ef80d772077f8eef9e61c81dfe3bbe798d8ea2ef86a2ef80d772077f8eef9e61c81dfe3bbe798d8ea2ef86a2ef80d772077f8eef9e61c81dfe3bbe798d8ea2ef86a2ef80d772077f8eef9e63d953d27f0ccd5e33c8ced45df0c900f9b6c25b2c110fa8000000000000000000000fc33c100fc528925931e70a5f399a487e23f6d5acf988f80fa80f3a13decf8c3427e697907a001e7427e697903427e697907a001e7427e697903427e697907a001e7427e697903427e697907a001e7427e697903427e697907a001e7427e697903427e697907a001e7427e697903427e697907a001e7427e697903427e697907a001e7427e697903427e697907a001e7427e697903427e697907a001e7427e697903427e697907a001e7427e697903427e697907a001e7427e697903427e697907a001e7427e697903427e697907a001e7427e697903427e697907a001e7427e697903427e697907a001e7427e697903427e697907a001e7427e697903427e697907a001e7427e697903427e697907a001e7427e697903427e697907a001e7427e697903427e697907a001e7427e697903427e697907a001e7427e697903427e697907a001e7427e697903427e697907a001e7427e697903427e697907a001e7427e697903427e697907a001e7427e697903427e697907a001e7427e697903427e697907a001e7427e697903427e697907a001e7427e697903427e697907a001e7427e697903427e697907a001e7427e697903427e697907a001e7427e697903427e697907a001e7427e697903427e697907a001e7427e697903427e697907a001e7427e697903427e697907a001e7427e697903427e697907a001e7427e697903427e697907a001e7427e697903427bc3d000f9e148e2466a2ef0f495128b243d0f92ff0076ad65cc67c407d407e11e487e8000000000000f93ead2d198fa8c59e788eaf100fbb49d2d24bbb8e23d80000000000000000000000000000000000000000000000000000000000000000000000000000000000000000000000000000000000000000000000000000000000000000000000000000000000000000000000000000000000000000000000000000000f0ea7534a2fe5c07b001f2615a9b23fe43ea31201e63a7c432c00000000000062543e2eaf10cb18950f8babc4032c000000000682b75e7a34c6a954a64a4d51d2d5a4cff006194fce5ff00218c9b5674b2de552e09eb74f9d31564ca53fc8b03f2ca414b8732b6e7ed3f5092b56a3ee36951a5292fe45831290119ec2a3f86ab9d34fd41d8547f0d573a69fa849800467b0a8fe1aae74d3f5076151fc355ce9a7ea12600119ec2a3f86ab9d34fd41d8547f0d573a69fa849800467b0a8fe1aae74d3f5076151fc355ce9a7ea12600119ec2a3f86ab9d34fd41d8547f0d573a69fa849800467b0a8fe1aae74d3f5076151fc355ce9a7ea12600119ec2a3f86ab9d34fd41d8547f0d573a69fa849800467b0a8fe1aae74d3f5076151fc355ce9a7ea12600119ec2a3f86ab9d34fd41d8547f0d573a69fa849800467b0a8fe1aae74d3f5076151fc355ce9a7ea12600119ec2a3f86ab9d34fd41d8547f0d573a69fa849800467b0a8fe1aae74d3f5076151fc355ce9a7ea12600119ec2a3f86ab9d34fd41d8547f0d573a69fa849800467b0a8fe1aae74d3f5076151fc355ce9a7ea12600119ec2a3f86ab9d34fd41d8547f0d573a69fa849800467b0a8fe1aae74d3f5076151fc355ce9a7ea12600119ec2a3f86ab9d34fd41d8547f0d573a69fa849800467b0a8fe1aae74d3f5076151fc355ce9a7ea12600119ec2a3f86ab9d34fd41d8547f0d573a69fa849800467b0a8fe1aae74d3f5076151fc355ce9a7ea12600119ec2a3f86ab9d34fd41d8547f0d573a69fa849800467b0a8fe1aae74d3f5076151fc355ce9a7ea12600119ec2a3f86ab9d34fd41d8547f0d573a69fa849800467b0a8fe1aae74d3f5076151fc355ce9a7ea12600119ec2a3f86ab9d34fd41d8547f0d573a69fa849800467b0a8fe1aae74d3f5076151fc355ce9a7ea12600119ec2a3f86ab9d34fd41d8547f0d573a69fa849800467b0a8fe1aae74d3f5076151fc355ce9a7ea12600119ec2a3f86ab9d34fd41d8547f0d573a69fa849800467b0a8fe1aae74d3f5076151fc355ce9a7ea12600119ec2a3f86ab9d34fd41d8547f0d573a69fa849800467b0a8fe1aae74d3f5076151fc355ce9a7ea12600119ec2a3f86ab9d34fd41d8547f0d573a69fa849800467b0a8fe1aae74d3f5076151fc355ce9a7ea12600119ec2a3f86ab9d34fd41d8547f0d573a69fa84980045d56ace885bca5dc13d0e9732652c9e4abf91e464d12bcf4998e52aaaca63551a2d5a4be03a9f9c8fe437e22d7aa0a243875b6ff0065fa7c942b51775b52892a49ff0023c900948000000000c4a7fc5d3e21963129ff00174f88658000000000000c4a87c5d5e2196312a1f17578806580000000008cecfbe43d3bf17d22c49846767df21e9df8be91624c000000000000000000000000000000000000000000000000000000000000000000000000000000000000000000000000000000000000000000000000000000000000000000000000000000000000000000000000000000000233b41f90f51fc2f488126119da0fc87a8fe17a4400930000000000c4a7fc5d3e21963129ff00174f88658000000000000c4a87c5d5e2196312a1f17578806580000000008cecfbe43d3bf17d22c49846767df21e9df8be91624c000000000000000000000000000000000000000000000000000000000000000000000000000000000000000000000000000000000000000000000000000000000000000000000000000000000000000000000000000000000233b41f90f51fc2f488126119da0fc87a8fe17a4400930000000000c4a7fc5d3e21963129ff00174f88658000000000000c4a87c5d5e2196312a1f17578806580000000008cecfbe43d3bf17d22c49846767df21e9df8be91624c0000000000000000000000000000000028cea8aac54e93d8df5baa32e1ef7956f3933ea6f5e3758ce932ce327e51798e7fea9aff000b7e6ffd1014f22e9bb1c4ea6ebd5a597365331d3ffa8f5d92ddfe1bae74b77d62ff00ea71ed7950fb55cf44d0b0ea179db3499ce41a857e9d165358d6cbd21295a7244659233ee9191fde038f7b25bbfc375ce96efac3b25bbfc375ce96efac75cfba2599f5a691d2d1eb1f48d7dda5325351635c94b75f79696db6d12906a5a8cf044459e26666039055745da849a975dada525dd396e917fcc5a3b00af562a97e4e62a1569d2d94d31c59372242dc492b7ad167067cf833f28b3f6dbda86bbf97fee1b1507538f6c3a87d94e7a56804b3aa2ab153a4f637d6ea8cb87bde55bce4cfa9bd78dd633a4cb38c9f945228ba6ec713a9baf56965cd94cc74ff00ea2e1ea9aff0b7e6ff00d1120ea71ed7950fb55cf44d00e7c5ddb74b6a34aee1ac2545ce4735d23ff98f3d985cff0058eafd39cf68585b5db32e6ab6d42b1369f40a8ca8aeee743ccc75292ac32d91e0c8bbe465f7084fb9dde7f55aafd117ea0187d985cff58eafd39cf684e36417356e66d4a8cc4fae541f8aadfeb6df96b520f0c38659233c73910ab46553e9d36ad39b834f8af4a94ee7432ca0d4b5608ccf045fc88cfee01d3bb79aacc8963c272913df6641d49b252a23c695e9ddbb923349e719c7e8349d4f958a9ccec8baf55196fe8e4dbae58fa958cef73a751ff22ce3f908e6c6e9d36c6bbe5d4eeb8af51203b0171db915041b2da9c371b512094ac16ac25478ef24c7d3aa0ee2a2d7fb1deb45521cedc729def267497a356eb19c736707e401d1e8710e96a6d6959671949e4795c8610a34ade6d2a2e72351118a93a9c7b5e543ed573d1342bcdaed997355b6a1589b4fa05465457773a1e663a94956196c8f0645df232fb80466f4baee162fab85a8f5fa9b6c22a7252da1b98e125292755822223c11607dacbb82e97efab79a9158acb8c2ea7192e21c92e9a5493753923233c19606a7dceef3faad57e88bf50eb3f744b33eb4d23a5a3d60248b5a5b49a96a24a4b9cccf043e7cae37d21af3c8553b5cbced9ab6cbeb10a9f5fa74a94eee3432cc84a94ac3cd99e088fb84467f70e6ba551aa75c94a8b4a81266be941b8a6e3b66b51248c88cf05dcc9979405fbd50758a9c3ec77acd5196c6ae53bde46fa939c6eb1ab49ff33c67f98ddec1aab325d8f35cabcf7de905527092a96f1a97a776d6088d479c673fa88bec4ffee0f5f3b2eff6172de4fc9bae3fb8df68de6bd3ab19c6b4e71cda884476f359a6572f8852a953e34d6134d6db5391dc25a4944e3a66592eee0cbca03f76bf7356e1ed4ab2c40ae54188a9dc686d896b4a0b2c36678223c739988695cd772924a4d72b6647c48ca5bb83fd447c75f59b7dda50ec7b7e2c9b9296d3ecd36336e36b948252144da48c8cb3c0c8c8073ed97705d2fdf56f3522b1597185d4e325c43925d34a926ea7246467832c0e8bdafc9990f65b597e03efb1291b8d0e30b34acb2fb647832e3cd91b68d7dda5325351635c94b75f79696db6d12906a5a8cf044459e2666637150a8c2a4c1727542533162b58d6f3cb24a5393222c99f371322fbc073dec1ab75a977c4d6eaf549ef472a6b8a4a65c85a904bde35832251e338cfea373d50d5d9f4eec73ad355931b79ca779c964291ab1bac6749f1e73f298ccdb254615f36844a65a9299adcf6a7a24391e9eb279c4b64db89359a5393c65492cf7d4428ff0073bbcfeab55fa22fd4031d174dd8e275375ead2cb9b2998e9ffd4754ec824cc99b2da33f3df7df94bdfeb71f59a96787dc22c99f1e6c0876c6ea30ac6b425d32eb94cd127bb3d721b8f505932e29b36db492c92ac19919a5459efa4c587ee89667d69a474b47ac049870d766173fd63abf4e73da1dc11a433322b32a33a87987904e34e20f295a4cb24647dd23231c151a3bd325331a334b79f7964db6da0b2a5a8cf04445dd33330166ec82e6adccda951989f5ca83f155bfd6dbf2d6a41e1870cb24678e7221d4fcae37d21af3c87167b9dde7f55aafd117ea18355b56e0a1c54caaad16742614b26d2e48614849a8c8cf1932e7c11f9005e5d50d5d9f4eec73ad355931b79ca779c964291ab1bac6749f1e73f298dfec02a53ea961ce7ea1364cb793537104e48754e2893ba68f1933e6c99f9472b0e9fea71ed7950fb55cf44d00acf6c37257606d52b51a1d6aa31a3a371a5a6652d094e586ccf044782e26662185735dca492935cad991f123296ee0ff005120db6f6deaefe5ff00b76c74fd89daf2dafb2a2fa2480e40ec96eff0dd73a5bbeb0ec96eff000dd73a5bbeb1d73ee89667d69a474b47ac3dd12ccfad348e968f580e46ec96eff0dd73a5bbeb1e17755d6d63795fad233cdaa63a5ff51d954abaedfaeca546a4d660cd7d083714dc77d2b51248c8b3823e6c9979452fd535fe16fcdffa20255b00a94faa58739fa84d932de4d4dc413921d538a24ee9a3c64cf9b267e516b0a7fa9c7b5e543ed573d1342e000000000000000000000000000000000119da0fc87a8fe17a4409308ced07e43d47f0bd22004980000000006253fe2e9f10cb1894ff008ba7c432c00000000000062543e2eaf10cb18950f8babc4032c00000000046767df21e9df8be91624c233b3ef90f4efc5f48b126000000000000000000000000000000001cff00d535fe16fcdffa23a0073ff54d7f85bf37fe880907538f6bca87daae7a268541b6dedbd5dfcbff006ed8b7fa9c7b5e543ed573d1342a0db6f6deaefe5ffb76c057e2416276c3b6bed58be95223e2416276c3b6bed58be95203a7f6dbda86bbf97fee1b1507538f6c3a87d94e7a5685bfb6ded435dfcbff0070d8a83a9c7b61d43eca73d2b4037fd535fe16fcdffa2313631b48b5ecfb3e5d3eb53d71e4b93d6fa529616bca0db6d2479491973a4c4fb6bbb37a9ed07acfd6d97123f21dfef3949a8b56bdde31a48fe618acbdedf73f85e91e73bec00e88a0d769f72d163d5e96f1bd0a46addacd06833d2a349f032cf3a4c6c846367d6dcab46c7a750e63ccbd222ef75ad933349ea716b2c6488f9945dc12701c134f8322a9528b4f88825c994f2186926645a96a324a4b27c0b8990baf661b29bbedada252aaf54a6b6cc28fbede2ca4b6a32d4d2d25c0959e7510fadb9b01b8a8d74526a8fd5296b6a14d6642d28539a94942c946459473e085d975dc91ad1b6a5d76632f3d1e2e8d4db38d67a96941632645cea2ee80ae7aa3bb5e53fed56fd13a39805c1b55dad51efcb5e352e9f06730eb535320d52090493492169c7051f1cac853e02f4d8c6d22d7b3ecf974fad4f5c792e4f5be94a585af2836db491e52465ce9317cd06bb4fb968b1eaf4b78de852356ed6683419e951a4f819679d2638485e7b3edb650ad1b1e9d42994ea8bd222ef752d94a0d07a9c5acb19511f328807460e3da86c6ef8a5d3655425d29a4468acadf756529a3d284919a8f04ac9f0231d6b48a93559a2c0aa3085a1a9b1db9084af1a9295a4944478eee0c7c2e3a6bb59b5eaf4b616843d3613d1d0a5e74a54b41a48cf1dcc980e141636c62eba3d9f784ba856a4aa3c67202d84a92da97959b8d991612467cc931f6baf6275db46da975c9951a73d1e2e8d68654bd67a96941632922e75177456602ff00da37fe3475b7b05ff68f5a77bcb379fb8d1bdd1a31bcc673bb5f37363f98837b866d03c10d74c6bda1f7d91ed2299b3eebc75ca24b91cbb71bbe4c493d3a3799cea32f9e42ccf7c8db1e08abf9adfb6039e2bd42a85b55a9148aa324ccd8fa77882592c8b524945c48f1cca212ba7ec6ef7aa5362d422529b5c694ca1f696729a2d485111a4f06ac970321a9da0dc916eebe6a35c86cbccc795bad08788b51696d083ce0ccb9d262dfb6f6fd6ed1ad7a4d2dfa5d516ec284cc75a9096f4a9484124ccb2ae6c900a46d49d1e9778512a12d6688d167b0fbab2233d284b89528f05c4f8118bcf69fb56b3ee5d9dd56914ba8b8f4d91b9dda0e338923d2ea147c4d38e649886d5f6037151a8b3ea8fd5296b6a1467242d28539a949424d46459473e0854c02c6d8c5d747b3ef09750ad495478ce405b09525b52f2b371b322c248cf99263a5ad5be6dfbd395f58a62e4724d1bed4cadbd3af569f84459f826388c59bb23da453367dd78eb9449723976e377c98927a746f339d465f3c806cfaa3bb61d3feca6fd2ba29f17cd76db95b789c8ba2df799811223654e5b55033270d693370d45a0945a70ea4b9f39231abf7b7dcfe17a479cefb0027b6a6d92c8a5d9f44a7cbaa3a893169ec30ea0a2ba7a5696d2951649383e2462bab536377c52ef0a25425d29b4468b3d87de594a68f4a12e24d4782564f8118c8f7b7dcfe17a479cefb02c1a46dfaddacd6a052d8a5d510f4d90dc7429696f4a54b51248cf0ae6c980b6453fd51ddaf29ff006ab7e89d170082ed56c99d7e5af1a974f9319875a9a8906a906a249a490b4e3811f1cac8072edab635c17a72beb143448e49a37da9e4234ebd5a7e11967e09f9074b6c62d4ac59f67cba7d6a3263c9727adf4a52e257941b6d911e52665ce931f0d91ecdea7b3eebc75ca5c491cbb71bbe4c6a3d3a3799cea22f9e42cd01c81b6dedbd5dfcbff6ed8e9fb13b5e5b5f6545f4491cc1b6dedbd5dfcbff006ed8e9fb13b5e5b5f6545f44901c4000002e0ea71ed8750fb29cf4ad0dff0054d7f85bf37fe88d07538f6c3a87d94e7a5686ff00aa6bfc2df9bff440483a9c7b5e543ed573d1342e014ff538f6bca87daae7a2685c000000000000000000000000000000000233b41f90f51fc2f488126119da0fc87a8fe17a4400930000000000c4a7fc5d3e21963129ff00174f88658000000000000c4a87c5d5e2196312a1f17578806580000000008cecfbe43d3bf17d22c49846767df21e9df8be91624c0000000000000000000000000000000039ff00aa6bfc2df9bff447400e7fea9aff000b7e6ffd10120ea71ed7950fb55cf44d0fade9b0e66f1bb6757975f722aa56eff725149649d2da51cfa8b39d39e6ee8a4ecddaadc163521da6529a82b61d7ce428e434a52b51a5293e24a2e18490917be22f3fa3d23a3afdb012bf7b3c6fad2ef422f6c6c287d4f71e8b70536aa9b91c78e14a6a493670c93af428958cebe19c0827be22f3fa3d23a3afdb0f7c45e7f47a47475fb602e5db6f6a1aefe5ff00b86c541d4e3db0ea1f6539e95a1a2b9b6cd735d96f4aa25419a7262c9d1acd965495fecac96583351f7525dc1bdea71ed8750fb29cf4ad00b736a1b4c73675d6addd2d13b976fb3a9fdde8d1a3fca79cebfd057bef9893f559ae9a7ec0faf54d7f85bf37fe88d3ec8f6556fdf36a4aa9d55d9c87da9cb8e928eea529d2486d5cc693e395180bdac6b99578d9d02bcb8a51552b7996497ac93a5c5239f059f839e6ee8910e6db836895ad9457245936f3711ca55374ee1731b35ba7bc493aad4a4a9247fb4e2b1c39b02fdb66a2fd62d4a3d4e49209f9905990e120b09252d04a3c177b26028ff7cc49faacd74d3f60682f4db8bf78da53a82ba0371532b77978a51acd3a5c4af9b49673a71cfdd15cdb34e62b175d1e9924d64c4c9ccc770d07851256b249e0fbf83173ed1b6336cda96154eb74f7aa2a951b75a09e792a47ed3a841e48925dc51f74056bb35b1917fdc72294e4f54226622a4ef12d6f3385a138c64be7fe8363b50d99b7b3aeb56eea8b9dcbb7d9d4c6ef468d1fe63ce75fe837bd4e3db0ea1f6539e95a1bfea9aff0b7e6ff00d10114d9aec859bfedc915572b4b846d4b546dda639399c210ace7517cff00d0436f9b653675e33e8289472931777878d1a0d5a9b4af9b278f858e7ee0bf7a9c7b5e543ed573d1342a0db6f6deaefe5ffb76c04aa87d509228b6fd36949b6da78a1456a3138730cb5e8412738d1c3381d2a290b676116955ed4a3d4e4bf5427e64166438487d049252d04a3c168e6c988edb3b77bb6b175d1e99258a5931327331dc3430b251256b249e0f5f3e0c05a3b6ded435dfcbff0070d8e72d9ad8c8bfee3914a727aa1133115277896b799c2d09c6325f3ff41d1bb6ded435dfcbff0070d8a83a9c7b61d43eca73d2b4024bef678df5a5de845ed87bd9e37d6977a117b624fb64da256ac1eb2f5a1b88be5bbfdef296cd58d1bbc630a2f9e636bb23bcea77cda92aa75544643ed4e5c7494741a53a490da8b8199f1ca8c07305f36ca6cebc67d05128e5262eef0f1a341ab53695f364f1f0b1cfdc169d03a9ee3d6adca5d5557238c9cd88d4936ca192b46b412b19d7c71910adb6f6deaefe5ffb76c74fd89daf2dafb2a2fa2480d85729855aa054a94a74da29b15d8c6e127568d6934e71ddc6452bef678df5a5de845ed8d45b3b77bb6b175d1e99258a5931327331dc3430b251256b249e0f5f3e0c5cfb46b8a6da96154eb74f4b2a951b75a09e49a91fb4ea10792232ee28fba02aff007b3c6fad2ef422f6c57bb50d99b7b3aeb56eea8b9dcbb7d9d4c6ef468d1fe63ce75fe82d5d91ed56e0be6eb954caab5050c3505721271da5255a896da4b89a8f8614634dd535fe16fcdffa20219b3cdafbd605befd29ba2a2693d2952778a906de32942718d27f33f512ef7cc49faacd74d3f606b3647b2ab7ef9b52554eaaece43ed4e5c7494775294e92436ae6349f1ca8c40b68d6ec2b52fda9d129ea7951636eb41bca252ff69a42cf26445dd51f700762502a675ab7297555344c9cd88d4936c95ab46b412b19eee3238c6c4ed876d7dab17d2a475fd89daf2dafb2a2fa248e40b13b61db5f6ac5f4a901d7b7cdccab3ace9f5e445294a8bbbc326bd04ad4e251cf83c7c2cf377043766bb5e7affb8e4529ca322113311527789906e670b42718d25f3ff41b4db6f6a1aefe5ffb86c541d4e3db0ea1f6539e95a01d3e02acdb26d12b560f597ad0dc45f2ddfef794b66ac68dde318517cf31b5d91de753be6d49553aaa2321f6a72e3a4a3a0d29d2486d45c0ccf8e546039fb6dbdb7abbf97feddb1d3f6276bcb6beca8be89239836dbdb7abbf97feddb19f4adbbddb47a442a64662966c438e88ed9ad859a8d284924b27af9f04026def678df5a5de845ed87bd9e37d6977a117b6229ef88bcfe8f48e8ebf6c3df1179fd1e91d1d7ed80b67679b206ac0b81faab75a5cd3762aa36ed51c9bc65485673a8fe67ea217d535fe16fcdffa2235ef88bcfe8f48e8ebf6c44af6da256afde43d776e223916f375c9db34e75e9ce72a3f98402f2ea71ed7950fb55cf44d0b8053fd4e3daf2a1f6ab9e89a1700000000000000000000000000000000008ced07e43d47f0bd220498467683f21ea3f85e910024c0000000003129ff00174f88658c4a7fc5d3e2196000000000000312a1f175788658c4a87c5d5e20196000000000233b3ef90f4efc5f48b126119d9f7c87a77e2fa45893000000000000000000000000000000000d15c766dbf76f26ebed3913392eadcea7169d1ab1abe09973e92f20de8a33aa2ab153a4f637d6ea8cb87bde55bce4cfa9bd78dd633a4cb38c9f9404e7dc6f67ff00571afebbbed87b8decff00eae35fd777db1cb08ba6ec713a9baf56965cd94cc74ffea3aa76412664cd96d19f9efbefca5eff005b8facd4b3c3ee1164cf8f360079f71bd9ff00d5c6bfaeefb61ee37b3ffab8d7f5ddf6c4e8710764b77f86eb9d2ddf580ea5f71bd9ff00d5c6bfaeefb636b6fd836bdab3dc9d45a4a224971a3654e25d5ab28332332c29465ce92f20e45ec96eff000dd73a5bbeb16a6c0eaf5da85f539aaa546a32582a6b8a4a253eb5a495bd6b0644a3c67067e5301775c766dbf76f26ebed3913392eadcea7169d1ab1abe09973e92f20a2f69d59a86cb2e48f43b2a49d269afc34cb7186d24e129e52d68356564a3f82da0b19c701d1ce3cdb58de3884679b52b191af9745a2565d29136994f9ce253a09c79843a6445c719323e1c4f87f3015ad8966dbfb40b329f73dd34e4546b53779ca252dc5a0dcd0e29b4f041924b09424b817705ab0a1c7a7408d062364d468cd25969b2333d2849612593e3c08887ec48716046446871998d1d19d0d3282421393c9e08b8171333fbc721de7705d2c5f570b51eb1596d8454e4a5b43725d24a524eab044447822c00bdee0d9ad9f6edb754ae5268adc6a953623b2e23e4eb8a369e6d06b42b06a323c2888f06465c0553625e5706d02f3a7db174d45751a2cdde7288ab6d08273436a713c5044a2c29093e07dc1d30f3b06430e30fb91dd65c49a16dacd2a4a9265832323e723215ced469947a3ece6ab3e830a0c2a9b5b9dcc880d21b79197904ad2a41128b293323c770cc04aedfb06d7b567b93a8b4944492e346ca9c4bab56506646658528cb9d25e419171d9b6fddbc9bafb4e44ce4bab73a9c5a746ac6af8265cfa4bc8291d81d5ebb50bea73554a8d464b054d714944a7d6b492b7ad60c89478ce0cfca6377d50d53ac53bb1ceb54e9d1b79ca779c95d5a3563758ce93e3ce7e53011eda7566a1b2cb923d0eca92749a6bf0d32dc61b49384a794b5a0d595928fe0b682c671c054159acd42e0aabd54aa4939335fd3bc74d24935694924b81111731110fd9cfd5ea8fa5fa83b3a5ba94e82724296e2893933c64fb9933f28c15a14da8d2b49a545ce46583013185b57bde9d023c1895e75a8d19a4b2cb64cb47a5092c24b269cf02221acb13b61db5f6ac5f4a91d4765dbf6b3f62dbeec8a4519c7d74c8ca716e4668d4a51b49c9999964cf23e97650edb8566d72553a974a626b34f7dc8ef478eda5c6dc4b6a34a90692c9288c88c8cb8e4063edb7b50d77f2ff00dc362a0ea71ed8750fb29cf4ad0ae65d66e59f15716654aad263af1ada79f7168560f259233c1f1223187125d528ce9c887226417149d06e32b5346647c7192c70e05c3f900ed4b8ecdb7eede4dd7da7226725d5b9d4e2d3a356357c132e7d25e41f7b7edaa3dab017068909312338e9bca6d2b52b2b322233ca8ccf9925e41c668baaeb773bbafd6978e7d331d3ff00a82eecba9b3d2e5c15941e33854c74bfea0247b6dedbd5dfcbff006ed8c285b57bde9d023c1895e75a8d19a4b2cb64cb47a5092c24b269cf0222113973254f92b93324bd2642f1a9d7966b5ab0582c99f13e0445f70f800c88532453a7c69d11c36a4c6752f34e1111e95a4f293c1f0e06442d5b12f2b8368179d3ed8ba6a2ba8d166ef394455b684139a1b5389e282251614849f03ee0e88ec3ed8fab948e82d7b23eb1edea0531f4cc8b47a64479bce979a8cdb6a4e4b07851170e078fbc06bedfb06d7b567b93a894944492e346ca9c4bab56506646658528cb9d25e419171d9b6fddbc9bafb4e44ce4bab73a9c5a746ac6af8265cfa4bc836fcae37d21af3c8521d50d5d9f4eec73ad355931b79ca779c964291ab1bac6749f1e73f2980d1ed3ab350d965c91e8765493a4d35f86996e30da49c253ca5ad06acac947f05b416338e02a0acd66a170555eaa55249c99afe9de3a69249ab4a4925c0888b988887436c49a81725993265c8dc6aa4c45416d21ea9252fb896c9b6cc924a5e4c939528f1cd9331536d729cd47da8561aa6c3435113b9dda2334496cbf72de70492c73e7ef018d0b6af7bd3a0478312bceb51a33496596c9968f4a12584964d39e04442290a648a74f8d3a2386d498cea5e69c2223d2b49e52783e1c0c88760d976a5bcfd8b6f3b22dfa638fae99194e2dc86d9a94a36926666665933c8e53b2996a45f96eb0fb6875972a7190b6d692525493752464647ce46402c0b12f2b8368179d3ed8ba6a2ba8d166ef394455b684139a1b5389e282251614849f03ee09a6d368d4fd965b71eb965462a4d49f98988e3eda8dc3532a42d669c2cd45f09b41e719e0243b56a3d3281b34abd4e8d4e874ea833b9dd4a86c25975bcbc849e95a488cb293323c1f31990e5e9f5eac55184b150ab4e96d255ac9b91256e2495832ce0cf9f067e501776cafff0016baedd9d7fb63ad9b9e47bcfddeeb79af5e377a739dda39f3cc2eab7edaa3dab017068909312338e9bca6d2b52b2b322233ca8ccf9925e414af532ff8a7f29feb0bf16fb4d2b4b8ea107cf852888045eb3b34b3ee0aabd54aa515b9335fd3bc74dd7126ad29249702511731117dc307dc6f67ff00571afebbbed89a72b8df486bcf21c797a5d770b17d5c2d47afd4db611539296d0dcc70929493aac11111e08b003a3fdc6f67ff00571afebbbed87b8decff00eae35fd777db1b8bca725ab1ee0722ca24484d364a9a534e6164a2695834e38e738c60721764b77f86eb9d2ddf580ea5f71bd9ff00d5c6bfaeefb61ee37b3ffab8d7f5ddf6c72c2ee9bb1b4ea72bd5a417365531d2ff00a8fc45d575bb9ddd7eb4bc73e998e9ff00d407665bf6d51ed580b83448498919c74de53695a9595991119e54667cc92f20db0aaf6073aa550b166bb54952e4be55371295ca714b512774d7023571c64cfca62d400000000000000000000000000000000119da0fc87a8fe17a4409308ced07e43d47f0bd22004980000000006253fe2e9f10cb1894ff008ba7c432c00000000000062543e2eaf10cb18950f8babc4032c00000000046767df21e9df8be91624c233b3ef90f4efc5f48b126000000000000000000000000000000001497541dbb5aaff63bd68a54c9db8e53bde4cca97a356eb19c736707e417688e5d57cdbf65f24ebecc5c7e57af73a595b9ab469d5f048f1f0880573b1ba8c2b1ad0974cbae533449eecf5c86e3d4164cb8a6cdb6d24b24ab06646695167be93161fba2599f5a691d2d1eb14bed028550db05798b82ca64a7d363c54c271d5ac9932792a52cd3a56647f05c41e718e22a0af50aa16d56a4522a8c933363e9de20964b22d492517123c7328807744690ccc8acca8cea1e61e4138d3883ca56932c9191f748c8c24c8661c57a549750cb0ca0dc75c59e12849164cccfb844443496276bcb6beca8be8922175bdab59f74506a36fd26a2e3d52aa457614468e338825bcea4d084ea34911654a22c9f0012ef744b33eb4d23a5a3d61ee89667d69a474b47ac7367b866d03c10d74c6bda1a5b9f66f7459f4d6ea15a8088f19c78984a92fa1795991a88b09333e64980b4f6d9ff007fbac7d88ffb7791728e53d6efdfee75eef46ad39c6742b19e7d2625db06a354e87634d8b55812613eaa938e25b90d9a146936da223c1f73247e4157ec3ef9b7ecbebef5f662e3f2be4fb9d2cad7ab46f357c123c7c221d0f6c5d747bc29ae5428925522336f1b0a529b5230b222519614447cca201e6a179db3499ce41a857e9d165358d6cbd21295a7244659233ee9191fde31bdd12ccfad348e968f58e66db6f6deaefe5ffb76c57e0026db23a8c2a4ed428f36a12998b15adf6b79e592509cb2e1164cfbe6645f78d87b866d03c10d74c6bda1adaf6ca6efb6a8b22af54a6b6cc28fa778b292da8cb528925c09467cea201d4bee89667d69a474b47ac3dd12ccfad348e968f58e41b62d4ac5e152729f448c99125b64df5254e2518411924cf2a322e751095fb866d03c10d74c6bda01d554aacd32b91552a953e34d610b36d4e47709692511119964bbb832f28e4fdb6f6deaefe5ff00b76c59db3faed3f63f417edfbd5e381529129535b69b41bc46ca929412b5208c8bf69b596339e02a0da7d769f72ed12ab57a5bc6f4291b9ddacd06933d2d2127c0f8f3a4c060c6b12ed9915a931adbaa3cc3c84b8db888ab34ad26592323c7123231f2b364b30ef9b7e4c9750d30cd4a3b8e38b3c2509271266667dc22221d876276bcb6beca8be892399bdc33681e086ba635ed00e9ca7de76cd5a737069f5fa74a94ee7432cc84a96ac1199e088fbc467f70af3aa3bb5e53fed56fd13a2076758d706cdaeb8576dd30d10e8b4fd7ca1f43c874d3bc429b4feca0cd47952d25c0bba363b67da45af7859f129f459eb9125b9e87d49530b46104db8933ca888b9d44032fa997fc53f94ff5863ede6d5b82b97cc2934aa34e9ac269adb6a723b0a5a4944e3a665922e7c191fde34bb0fbe6dfb2fafbd7d98b8fcaf93ee74b2b5ead1bcd5f048f1f088743db175d1ef0a6b950a2c95488cdbc6c294a6d48c2c88946585111f32880712d429d369339c83508af4594d635b2f20d2b4e488cb247fc8c8fef1b78d625db322b52635b754798790971b711156695a4cb246478e2464637fb6dedbd5dfcbff6ed8b8ad4db25914bb3e894f9754751262d3d861d414574f4ad2da52a2c92707c48c04dfdd12ccfad348e968f5884ed72f3b66adb2fac42a7d7e9d2a53bb8d0cb3212a52b0f36678223ee1119fdc39706ca8342a85cb5a8f48a5b24f4d91ab768359208f4a4d47c4cf1cc9301ad1b3a45bb59afefbad14a993b71a77bc99952f46ace3382e19c1f906e6e7d9bdd167d35ba856a0223c671e2612a4be85e56646a22c24ccf9926263b0fbe6dfb2fafbd7d98b8fcaf93ee74b2b5ead1bcd5f048f1f088056355a354e8729316ab024c27d482712dc86cd0a34999911e0fb9923f20e94d91de76cd2765f478550afd3a2ca6b7fad97a4252a4e5e70cb2467dd2323fbc545b67bae8f785e112a14592a9119b808614a536a46164e3866585111f328857203bea3486664566546750f30f209c69c41e52b499648c8fba4646391acdb12ed877cdbf2a4db75469866a51dc71c5c55925092712666678e044443a7ac4ed796d7d9517d124467ddcf67fe1777a1bbec80cfdae53a6d5b65f58854f8af4a94eee7432ca0d4b561e6ccf045fc88cfee1cbbee7779fd56abf445fa87525076ad685cb5a8f48a5d45c7a6c8d5bb41c671247a526a3e269c170498dd5cf75d1ecfa6b750adc95478ce3c4c25496d4bcacc8d44584919f324c055bd4f96ed6a81d9175de95320eff00936eb94b2a46bd3bdce33cf8c97946936f36adc15cbe6149a551a74d6134d6db5391d852d24a271d332c9173e0c8fef1617bb9ecff00c2eef4377d90f773d9ff0085dde86efb2039b3dceef3faad57e88bf507b9dde7f55aafd117ea1d8f41aed3ee5a2c7abd2de37a148d5bb59a0d067a54693e0659e7498d900e20b13b61db5f6ac5f4a91dbe3882c4ed876d7dab17d2a4766d7abb4fb6a8b22af5478d9851f4ef164835996a5124b811679d4402b1ea8eed794ffb55bf44e88ff532ff008a7f29feb0c4db3ed22d7bc2cf894fa2cf5c892dcf43ea4a985a30826dc499e54445cea21a8d87df36fd97d7debecc5c7e57c9f73a595af568de6af82478f84403a880692d8bae8f78535ca85164aa4466de3614a536a4616444a32c2888f994437600000000000000000000000000000000233b41f90f51fc2f488126119da0fc87a8fe17a4400930000000000c4a7fc5d3e21963129ff174f88658000000000000c4a87c5d5e2196312a1f17578806580000000008cecfbe43d3bf17d22c49846767df21e9df8be91624c0000000000000000000000000000000039ffaa6bfc2df9bff00447400816d27666ded17ad9bcaa2e0f20dee34b1bcd7af47f98b18d1fa80a77655b5aa3d876bc9a5d420ce7dd766aa412a3920d249342138e2a2e39418836d06e48b775f351ae4365e663cadd6843c45a8b4b6841e70665ce93197b4ab191605c71e94dcf54d27a2264ef14d6ef195ad38c64fe67ea265636c358bc6ce815e5d7dc8aa95bcfdc945259274b8a473ea2ce74e79bba02fbb13b5e5b5f6545f4491c696e549aa35d148aa3e85ad98535990b4a31a94942c946459eee085cebdb8bf652d56aa280dcb4510fada992728d06f133fbbd669d278ce9ce3278cf38f8d7fa9ee3d16dcaa55537238f1c288ec926ce19275e841ab19d7c3380124f7c8db1e08abf9adfb63595db9236de2122d7b7d97a04b88e15456ed40889b34248db34968351eacba93e6c608c537635b29bc6f181415ca38a995bccbc48d669d2da97cd92cfc1c73f745befdb29d80a0aea6251d6d52cfadc719c47272492ff79af511ab38dd6318ff008b9f800d1fbdbee7f0bd23ce77d8121a15c91760f0576bdc0cbd3e5ca70ea28769e446d921444d924f59a4f565a51f36306426db2fda639b45ebaef296883c87738d2fef35ebd7fe52c6347ea31b689b206aff00b818aab95a5c236a2a636ed31c9cce14b5673a8be7fe8039cf6837245bbaf9a8d721b2f331e56eb421e22d45a5b420f38332e749899523603715668b02a8c5529686a6c66e4212b539a9295a4944478473e0c4b3decf1beb4bbd08bdb18abdb8bf652d56aa280dcb4510fada992728d06f133fbbd669d278ce9ce3278cf380e84118da0db72aeeb1ea34286f32cc895bad0b78cc925a5c42cf38233e649f70543ef9893f559ae9a7ec07be624fd566ba69fb003f2856dcad83ce5dd1703cccf892db3a721aa7999b84b519384a3d6492d386945cf9c990b4ec2da4533683d70eb6c3991f90eef79ca4925ab5eac63499fcc3158b1732b6feb3b55f8a5444c42eb89496d7bf351a3f77a34992719dee739ff879b88b1366db336f675d73ddd5173b97eeb3a98dde8d1aff00cc79cebfd0053bd51ddb0e9ff6537e95d1abb536275dbbada895c8751a7331e56bd08794bd65a56a41e70932e749f745cfb44d90357fdc0c555cad2e11b51531b7698e4e670a5ab39d45f3ff00410977698eec79d3b0d9a5a2a8dd2f9a62dfdc9b9bdfdf7c0d2ac63798e7ee6405dd6e535da35af49a5beb42de850998eb5233a54a420926659ee64857548dbf5bb59ad40a5b14baa21e9b21b8e852d2de94a96a24919e15cd93113f7cc49faacd74d3f6054b6276c3b6bed58be95203a7f6dbda86bbf97fee1b1ccd63d933efcadbd4ba7c98cc3cd47548354835124d24a4a71c08f8e5643aeaf4b653785a73a82b9471532b77fbe246b34e9712be6c967e0e39fba225b3cd9035605c0fd55bad2e69bb1551b76a8e4de32a42b39d47f33f501cff007eecdea7b3eeb7f5ca64391cbb79bbe4c6a3d3a34e73a88be790bb3a9c7b5e543ed573d134247b49d99b7b45eb66f2a8b83c837b8d2c6f35ebd1fe62c6347ea33f6796322c0b7dfa5373d5349e94a93bc535bbc65284e3193f99fa80e6edb6f6deaefe5ffb76c57e2c0db6f6deaefe5ffb76c57e02d9abec06e2a35167d51faa52d6d428ce485a50a735292849a8c8b28e7c1086ecfae48b68df34eae4c65e7a3c5deeb43245a8f536b41632645cea21d717df6bcb97eca95e89438800743576e48db78848b5edf65e812e2385515bb502226cd09236cd25a0d47ab2ea4f9b18231565fbb37a9ecfbadfd72990e472ede6ef931a8f4e8d39cea22f9e43e5b3bbe57605c0fd55b8099a6f45546dda9ddde32a42b39c1fccfd45a2c7fe6275728ff61758b1a777ff0068df6ffbf9d3a71b9fe79d5fc805002ccb536275dbbada895c8751a7331e56bd08794bd65a56a41e70932e749f744e7decf1beb4bbd08bdb16dd976ca6cfb4e0d05128e5262ef3f7c68d06ad4e297cd93c7c2c73f70065db94d768d6bd2696fad0b7a142663ad48ce9529082499967b9921c4348a6bb59ad40a5b0b421d9b21b8e852f3a52a5a8924678ee64c7790a117b0e62ca42aea457dc96ba2175c5318e29209e367f79a0d5a8f19d38ce0f19e601ada4ecdea7b23a9b37cd665c3974fa66adeb10cd46eab789368b4ea222f84e119e4f988c6b76abb5aa3df96bc6a5d3e0ce61d6a6a641aa41209269242d38e0a3e39590f95e9b717ef1b4a75057406e2a656ef2f14a359a74b895f3692ce74e39fba22db35b1917fdc72294e4f54226622a4ef12d6f3385a138c64be7fe8021a2c0b1f64b58bf288f5529f3a0b0cb52151cd320d64a351252acf049f0c2c858bef678df5a5de845ed8f83f732b600b2b5588a55b4cb2eb89c9717b8349aff0077a34912b38dd6739ff8b9b800b6b67d6dcab46c7a750e63ccbd222ef75ad933349ea716b2c6488f9945dc1271cf5ef9893f559ae9a7ec0bd281533ad5b94baaa9a264e6c46a49b64ad5a35a0958cf771901c636276c3b6bed58be9523a7f6dbda86bbf97fee1b1cc16276c3b6bed58be9523a7f6dbda86bbf97fee1b01ccd63d933efcadbd4ba7c98cc3cd47548354835124d24a4a71c08f8e564336fdd9bd4f67dd6feb94c8723976f377c98d47a7469ce75117cf212dea71ed8750fb29cf4ad0b8b693b336f68bd6cde551707906f71a58de6bd7a3fcc58c68fd40473a9c7b5e543ed573d1342e0111d9e58c8b02df7e94dcf54d27a52a4ef14d6ef194a138c64fe67ea25c00000000000000000000000000000000233b41f90f51fc2f488126119da0fc87a8fe17a4400930000000000c4a7fc5d3e21963129ff00174f88658000000000000c4a87c5d5e2196312a1f17578806580000000008cecfbe43d3bf17d22c49846767df21e9df8be91624c000000000000000000000000000000000029cdbbde5705a5d60eb154570f94f28df696d0ad7a775a7e111f36a3f28081f54776c3a7fd94dfa57468ad9db35cd69dbd16894f669ca8b1b5e837995297fb4b359e4c945dd51f7059db32a353f6a76dc8ae5eb18aad526262a236fb8a36cd2ca5085927083497c271679c67889a7b8decff00eae35fd777db0116a76c66d9bbe9912e6a93d514cfac328a8494b0f252d938ea49c51248d26645951e0b27c05af55a73358a44da649359313185c770d078512569349e0fbf831f4850e3d3a0468311b26a346692cb4d9199e9424b092c9f1e0444390bdd93681f58ddfe835ec00b62e0d9dd1b65143917b5bce4c72ab4dd3b84cc712b68f78a2695a9294a4cff0065c5638971c0a96f2daadc17cd21aa6555a82861a7ca424e3b4a4ab5125492e26a3e1851892d89795c1b40bce9f6c5d3515d468b3779ca22adb4209cd0da9c4f141128b0a424f81f706fb6db60daf6ad990e75129288925ca82195389756aca0db70ccb0a51973a4bc802b1b276895ab0b9775a1b88be5bbbdef286cd58d1ab18c28be79896fbe22f3fa3d23a3afdb152800b6bdf1179fd1e91d1d7ed8ac6a9517ab1579b53924827e63eb90e120b09252d46a3c177b2630c00752fbddeccfa455fa423d80f7bbd99f48abf4847b0294f764da07d6377fa0d7b01eec9b40fac6eff41af60074659bb2ab7ec6abbb53a53b3d6fbac1c75148752a4e935255cc492e39490d2ed936895ab07acbd686e22f96eff7bca5b356346ef18c28be798a37dd93681f58ddfe835ec0d15c7795c176f26ebed4573392eadcea6d09d1ab1abe09173e92f2009efbe22f3fa3d23a3afdb138b7f67746dabd0e3ded70b931baad4b56fd30dc4a1a2dda8da4e94a92a32fd96d39e27c7239b44b28db4abc2dfa5334ba5d69c8d098d5bb689a6d449d4a351f13499f399980d45cd4e628f75d629918d66c439cf476cd67951a50b34964fbf821d374ad845a548ac42a9c67ea86fc37db90d92df41a4d485128b25a39b243ddbfb35b3ee2b6e975cab515b9352a9436a5cb7cde7126ebce2096b51912888b2a333c111171133bb66c8a75995d9d11c36a4c6a7c879a70888f4ad2da8d2783e1c0c8806bb68d714db52c2a9d6e9e96552a36eb413c93523f69d420f24465dc51f74509ef88bcfe8f48e8ebf6c446b3b4abbee0a53d4baa569c9309fd3bc68da6d24ad2a251712491f39118df6c4adaa3dd579cc835b8499719ba7ade4b6a5a9385938d911e52647cca3f280b8b637b44ad5fdd7aebbb7111c8b71bae4ed9a73af799ce547f3086af6b9b55b82c6bae2d3294d415b0ec144851c8694a56a35b893e24a2e18490d36d53ff00097ad3d82ffb1fae7bee59bbfde6f777a346779ab18de2f9b1ce365b32a353f6a76dc8ae5eb18aad526262a236fb8a36cd2ca5085927083497c271679c67880fdb7f67746dabd0e3ded70b931baad4b56fd30dc4a1a2dda8da4e94a92a32fd96d39e27c72367ef77b33e9157e908f6059747a353edfa5334ba5c628d098d5bb68946649d4a351f13333e7333fbc7315dbb57be29d79d760c4af3ad468d5090cb4d932d1e9425c5124b269cf022201d197df6bcb97eca95e894388077bcd871ea3024c196d93b1a4b4a65d6ccccb5214585164b8f123314e6d5366967dbfb37ab55297456e34d6373bb749d71469d4f2127c0d465cc664039ac4b6c9da256ac2e5dd686e22f96eef7bca1b356346ac630a2f9e62242e3d8459b6fddbd7febed3913392f27dcea7169d1ab7babe09973e92f200c6f7c45e7f47a47475fb62fbd9cdc536ebb0a995ba82594ca93bdd64ca4d28fd975682c1199f7125dd1ce9b6db6a8f6ade70e0d12126246729e8794da56a56566e3846795199f324bc834346da55e16fd299a5d2eb4e4684c6addb44d36a24ea51a8f89a4cf9cccc0585736ddeeda3dd758a64662966c439cf476cd6c2cd46942cd2593d7cf82178df7daf2e5fb2a57a25089dbfb35b3ee2b6e975cab515b9352a9436a5cb7cde7126ebce2096b51912888b2a333c11117112cbefb5e5cbf654af44a01c4024566de753b1aaeed4e9488cb7dd8ea8ea2908352749a92a3e0465c729211d1656c4adaa3dd579cc835b8499719ba7ade4b6a5a9385938d911e52647cca3f280b8b637b44ad5fdd7aebbb7111c8b71bae4ed9a73af799ce547f308567d51ddb0e9ff6537e95d1bfdaa7fe12f5a7b05ff63f5cf7dcb377fbcdeeef468cef35631bc5f3639c52d705cb58ba67a2756a6aa5c96da2652e29094e104666458491173a8fca03522cfa56ddeeda3d2215323314b3621c74476cd6c2cd46942492593d7cf82162ecaf66967dc1b37a4d52a9456e4cd7f7dbc74dd7126ad2f2d25c09445cc444263ee37b3ffab8d7f5ddf6c072352ea2f51eaf0aa718906fc37d121b2596526a42894592ef6485c36fed12b5b57ae47b26e16e2374aa96adfae1b66874b7693753a54a5288bf69b4e7873644feedd9458f4eb32bb3a2505b6a4c6a7c879a709e74f4ad2da8d278356381910e62a3566a16fd559aa52e49c69ac6addba49251a7524d27c0c8cb98cc8075bd9bb2ab7ec6abbb53a53b3d6fbac1c75148752a4e935255cc492e394909c8a136237f5d174de7320d6eacb9719ba7ade4b6a6909c2c9c6c88f29491f328fca2fb0000000000000000000000000000000000000119da0fc87a8fe17a4409308ced07e43d47f0bd22004980000000006253fe2e9f10cb1894ff008ba7c432c00000000000062543e2eaf10cb18950f8babc4032c00000000046767df21e9df8be91624c233b3ef90f4efc5f48b1260000000000000000000000000000000018550a3d32adbbeb953a1ccdd6777ca584b9a338ce3511e3382f20cd001ccdb71992ad7bd61c2b7e4bd4888e5390ead8a7ace3b6a59b8e11a8d28c119e1292cf3e08bbc2b3ecc2e7fac757e9ce7b42dddbcdab70572f9852695469d3584d35b6d4e47614b49289c74ccb245cf8323fbc55dee7779fd56abf445fa8075bd995043f62dbcec896971f5d32329c5b8e654a51b49c99999e4cf234b7a5bf6b3162dc0ec7a4519b7d14c92a6d6dc6689495134ac19191648f2398bdceef3faad57e88bf50f949b12ed8715d9326dbaa32c328538e38b8ab24a124593333c70222201a6832664398dbf01f7d8949ce871859a56592c1e0cb8f3198b8b622ecfb92f3990ee4724d521a29eb750cd48d4fb69709c6c894495e48958351679f067df10bd91d4615276a1479b5094cc58ad6fb5bcf2c9284e59708b267df3322fbc751fba2599f5a691d2d1eb014c754551e9949ec6fadb4e870f7bcab79c9984b7af1bac6749167193f28dcec0e9141a858b35daa53a9b25f2a93894ae530dad449dd35822351671933f298c3db67fdfeeb1f623fedde45ca394f5bbf7fb9d7bbd1ab4e719d0ac679f498a3eab46a9d0e5262d5604984fa904e25b90d9a1469333223c1f73247e40129dafc6870f6a55962030c31153b8d0db0824a0b2c3667822e1ce6620e37b4fb32e6ab416e6d3e81519515dce87998ca521583323c19177c8cbee193ee7779fd56abf445fa8075cf63567f81287d159f50846d72836ec7d97d61da6d2696d4b4ee376b8d19b4b85fbe6f38349679b3f70e5c8d1de992998d19a5bcfbcb26db6d05952d46782222ee99998b5f645665cd49da851e6d4281518b15adfeb79e8ea4a53965c22c99977cc8bef01e7607468d50bea6b554a6b52582a638a4a25304b492b7ad712251633833f298ddf543506053bb1ceb4d2a346de729de7258e946ac6eb19d25c79cfca62fbaad6a99438a995559f1a130a59369724384849a8c8cc8b27ddc119fdc3e748b8a8d5fdf75a2a90e76e34ef7933c4bd1ab38ce39b383f200e19e4927e8eef9863e6b429b51a56934a8b9c8cb063b96ab75dbf429498d56acc184fad04e25b90fa50a34999967067cd923f20e6bda65bb59bb368554addbd4a9954a549dd6e2643654eb4e696908569524b078525447fcc8c040d9baae28ec36c315eaa34d3692421b44c71294a48b0444447c088876fb8b8529a5c7756c3cdba9342db599289647c0c8cbba47de1c1d263bd0e53d1a4b4b65f6566db8dacb0a4288f06465dc3232138b5accb9a8f77516a752a0546240873d891264bf1d486d96d0e254a5a94658222223333ef100bc36bf6c5121ecb6b2fc0a1d3d8948dc687188884acb2fb6478322cf3198ad7a9d5875ada0cf538d2d05d6a70b2a4997feab42ff00a7de76cd5a737069f5fa74a94ee7432cc84a96ac1199e088fbc467f70ceaad6a99438a995559f1a130a59369724384849a8c8cc8b27ddc119fdc0291ea9669c77b18ddb6b5e395e749671fee452906a770d2d85314f9d5488ca95acdb8eeb8da4d5822ce08f9f045e41dab48b8a8d5fdf75a2a90e76e34ef7933c4bd1ab38ce39b383f20f9556ebb7e852931aad598309f5a09c4b721f4a14693332ce0cf9b247e401c68bbb6e96d4695dc3584a8b9c8e6ba47ff0031ac7113253ab90ea1f79c7546b5b8b2351accf89999f74cf9f22cada65bb59bb368554addbd4a9954a549dd6e2643654eb4e696908569524b078525447fcc8c74859b19f87635bf164b4b65f669b1db71b5961485134923232ee191900de0aff6dbda86bbf97fee1b1baf744b33eb4d23a5a3d6213b5cbced9ab6cbeb10a9f5fa74a94eee3432cc84a94ac3cd99e088fb84467f700acb6014d8154bf273150851a5b29a638b26e43497124adeb459c1973e0cfca253b7affba9d8ff00639fec6e53ca77fd6eff00b3ef74eeb4ead18d58d4ac679b27df1a0ea71ed8750fb29cf4ad0997541dbb5aaff63bd68a54c9db8e53bde4cca97a356eb19c736707e401cef3aa53aa8f93f509b265ba94e825c8754e2893933c64cf9b267e51d45b1db6e853f6574595328b4e93217bfd6ebd150b52b0fb8459332c9f02221cc555a354e8729316ab024c27d482712dc86cd0a34999911e0fb9923f20e94d91de76cd2765f478550afd3a2ca6b7fad97a4252a4e5e70cb2467dd2323fbc052177dc95da75eb5e850ab5518d123d46432c30cca5a1b6909714494a524784911111111702221a376e9b8e534b8eed76aaf36ea4d0b6d72dc512c8f8191967891f787d2f292cccbe6e09319d43ac3d5290e36e20f295a4dc519191f748c8c486d6b32e6a3ddd45a9d4a815189021cf6244992fc7521b65b43895296a5196088888cccfbc403f36474e6a46d428ed54a1a1d88adf6f1125a25367fb97319251639f1f78b676dad40b72cc8732db6e352e62ea08696f53492c38a6cdb70cd26a460cd394a4f1cd9221b7da65c546bb367b54a25bd548754aac9dd6e21c3749d75cd2ea16ad294f13c252a33fe44639aeab6adc1438a99555a2ce84c2964da5c90c2909351919e3265cf823f200b9f60bff007afb20ec8ffdb3c9b936e3ae3ff68dd6adeead3af3a73a539c73e0bbc2e25dad69b4ad2e5068a83e7c2a1b45ff004145f53e5c545a07645d77aa4383bfe4dbae52e9235e9dee719e7c64bca347b79acd32b97c42954a9f1a6b09a6b6da9c8ee12d24a271d332c9777065e501d4310a99023223432891a3a33a1a674a109c9e4f045c0b89998cc4992924a4991919648cbba387a9f665cd5682dcda7d02a32a2bb9d0f33194a42b066478322ef9197dc3b1acd8cfc3b1adf8b25a5b2fb34d8edb8dacb0a4289a491919770c8c8072ada55ab927de742873ea756910e45423b4fb2fc8716db8da9c49292a499e0d264664647c0c85e9b5fb62890f65b597e050e9ec4a46e3438c444256597db23c1916798cc5a400398fa9d5875ada0cf538d2d05d6a70b2a4997feab4259d50d53ac53bb1ceb54e9d1b79ca779c95d5a3563758ce93e3ce7e53170d56b34ca1c54caaacf8d0985ac9b4b921c2424d464664593eee08fc83e748b8a8d5fdf75a2a90e76e34ef7933c4bd1ab38ce39b383f200afb6073aa550b166bb54952e4be55371295ca714b512774d7023571c64cfca62d40000000000000000000000000000000000119da0fc87a8fe17a4409308ced07e43d47f0bd22004980000000006253fe2e9f10cb1894ff008ba7c432c00000000000062543e2eaf10cb18950f8babc4032c00000000046767df21e9df8be91624c233b3ef90f4efc5f48b1260000000000000000000000000000000000000015fdf3b5aa3d875b6697508339f79d8e9904a8e4834924d4a4e38a8b8e506233ef91b63c1157f35bf6c05cc34f75c19154b3eb74f88825c9954f7d86906645a96a6d494964f817132158fbe46d8f0455fcd6fdb17300e46f70cda07821ae98d7b41ee19b40f0435d31af6874fdd77246b46da975d98cbcf478ba3536ce359ea5a5058c99173a8bba2b3f7c8db1e08abf9adfb6032761f635c165f5f7afb0d11f95f27dce9790bd5a379abe099e3e110d46d9f66f745e17844a85160224466e02185294fa1185938e28cb0a323e6510cef7c8db1e08abf9adfb61ef91b63c1157f35bf6c04df66142a85b5b3ba5522a8c933363efb788259288b53cb517123c1f0510c1a86d92c8a5d4a553e5d55d4498af2d8750515d3d2b499928b249c1f123123b52e48d775b512bb0d97998f2b5e96dec6b2d2b520f38332e749f7452771ec06e2acdd156aa3154a5a1a9b35e9084ad4e6a4a56b35111e11cf83011aa26ca6f0b5ebd4eb82ad4d6d9a6d2e535365ba525b59a196944b5ab4928ccf09499e0b88bda83b56b42e5ad47a452ea4e3d3646adda0e338923d29351f134e3992636b7df6bcb97eca95e894391f67d7245b46f9a7572632f3d1e2ef75a1922d47a9b5a0b19322e75100be3aa3bb5e53fed56fd13a2bdd87df36fd97d7debecc5c7e57c9f73a595af568de6af82478f8442535db9236de2122d7b7d97a04b88e15456ed40889b34248db34968351eacba93e6c608c47bdedf73f85e91e73bec00ccda050aa1b60af3170594c94fa6c78a984e3ab593264f254a59a74acc8fe0b883ce31c45bfb30a1542dad9dd2a915464999b1f7dbc412c9445a9e5a8b891e0f8288626caac99d61daf2697509319f75d9ab904a8e6a34924d084e389171ca0c6b6ebdb650ad1b9a5d0a6d3aa2f488ba35ad94a341ea425658ca88f9945dc01cd97df6c3b97ed595e9543b1eeb8322a967d6e9f1104b932a03ec3483322d4b536a4a4b27c0b8990e2cb8ea4d566e8abd51842d0ccd9af4842578d494ad66a223c777063a4a91b7eb76b35a814b62975443d364371d0a5a5bd2952d449233c2b9b2602bcb3ac6b8366d75c2bb6e98688745a7ebe50fa1e43a69de214da7f65066a3ca9692e05dd1b1db3ed22d7bc2cf894fa2cf5c892dcf43ea4a985a30826dc499e54445cea2165edb7b50d77f2ffdc36399ac7b267df95b7a974f9319879a8ea906a906a249a49494e3811f1cac804df61f7cdbf65f5f7afb3171f95f27dce9656bd5a379abe091e3e110da6d028550db05798b82ca64a7d363c54c271d5ac9932792a52cd3a56647f05c41e718e22037eecdea7b3eeb7f5ca64391cbb79bbe4c6a3d3a34e73a88be79096ecab6b547b0ed7934ba8419cfbaecd5482547241a492684271c545c728301786cc28550b6b6774aa455192666c7df6f104b25116a796a2e24783e0a218350db25914ba94aa7cbaaba89315e5b0ea0a2ba7a56933251649383e24622def91b63c1157f35bf6c73d5c7526ab37455ea8c2168666cd7a4212bc6a4a56b35111e3bb8301894f8322a9528b4f88825c994f2186926645a96a324a4b27c0b899095d7b65377db5459157aa535b66147d3bc59496d465a94492e04a33e75109c43d89d76cd9d1ee89b51a73d128ce26a2fb4c2966e2d0c9ef1449ca48b2649322c991647df683b6ca15dd63d46850e9d516644add695bc94120b4b8859e70a33e64980d67538f6c3a87d94e7a5685f9755f36fd97c93afb3171f95ebdce9656e6ad1a757c123c7c22141f538f6c3a87d94e7a5686ffaa6bfc2df9bff0044041b6cf75d1ef0bc225428b25522337010c294a6d48c2c9c70ccb0a223e6510ae458163ec96b17e511eaa53e7416196a42a39a641ac946a24a559e093e185908cdd76dcab46e5974398f32f488ba352d9ce83d484acb19223e651770048e9fb1bbe2a94d8b50894a6971a53287da59ca68b521444693c1ab25c0c85cb75ed92c8aa59f5ba7c4aa3ab932a9efb0d20e2ba5a96a6d494964d382e26427b6276bcb6beca8be89238b6914d76b35a814b616843b364371d0a5e74a54b51248cf1dcc98099ec4bb6f50bf31fdbb82dfea8eed794ffb55bf44e8d66cfb6275db46f8a757665469cf478bbdd48654b359ea6d682c65245cea2ee8d9f54776bca7fdaadfa27407300965b1b37ba2f0a6b950a2c04488cdbc6c294a7d08c2c88946585191f328844c5c1b2adad51ec3b5e4d2ea10673eebb35520951c9069249a109c715171ca0c05e1b30a1542dad9dd2a915464999b1f7dbc412c9445a9e5a8b891e0f82884bc533ef91b63c1157f35bf6c5b348a93559a2c0aa3085a1a9b1db9084af1a9295a4944478eee0c043e9fb64b22a9528b4f89557572653c861a41c574b52d46494964d382e2642575eaed3edaa2c8abd51e366147d3bc5920d665a94492e0459e7510e32b13b61db5f6ac5f4a91d3fb6ded435dfcbff70d80876d02bb4fdb05058b7eca78e7d4a3ca4cd71a7106c913294a906ad4b2223fda71058ce788da6c3ec6b82cbebef5f61a23f2be4fb9d2f217ab46f357c133c7c2214becaaf68361dd126a9508d21f69d84b8e498e4935128d6856789970c20c5bfef91b63c1157f35bf6c05cc023163ded06fca23d54a7c6931da6a42a39a64124946a24a559e067c30b212700000000000000000000000000000000119da0fc87a8fe17a4409308ced07e43d47f0bd22004980000000006253fe2e9f10cb1894ff008ba7c432c00000000000062543e2eaf10cb18950f8babc4032c00000000046767df21e9df8be91624c233b3ef90f4efc5f48b1260000000000000000000000000000000015e6d43698e6cebad5bba5a2772edf6753fbbd1a347f94f39d7fa0b0c44af6d9dd1afee43d7772623916f375c99c4a73af4e73949fcc201cb7b44be577fdc0c555c809846cc54c6dda5dde670a5ab39c17cffd04dac6d86b178d9d02bcbafb91552b79fb928a4b24e97148e7d459ce9cf37744676b966532c6bae2d3294b92b61d82890a390b252b51adc49f1222e18490fadb3b66b9ad3b7a2d129ecd3951636bd06f32a52ff6966b3c9928bbaa3ee0086d7e98545b8aa94a4ba6f14296ec6270d3a75e859a738ee6703bb8706552a2f562af36a724904fcc7d721c2416124a5a8d4782ef64c59def88bcfe8f48e8ebf6c07435e96ca6f0b4e7505728e2a656eff7c48d669d2e257cd92cfc1c73f74549ef678df5a5de845ed88a7be22f3fa3d23a3afdb0f7c45e7f47a47475fb60257ef678df5a5de845ed87bd9e37d6977a117b6229ef88bcfe8f48e8ebf6c5cfb23bcea77cda92aa75544643ed4e5c7494741a53a490da8b8199f1ca8c0576eed31dd8f3a761b34b4551ba5f34c5bfb93737bfbef81a558c6f31cfdcc8bc681533ad5b94baaa9a264e6c46a49b64ad5a35a0958cf771910cb9b6336cdd770caadd45ea8a6549d1ac99792947eca090582349f7125dd153d4b6cd735a153976cd359a72a051de5d3e329f654a70db6946da4d464a2233c24b2782e203708db8bf7aad36aae80dc44d6cfadaa90528d66c93dfbbd7a749671ab38c96703517cec358b3ace9f5e457dc94a8bbbfdc9c52412b5389473ea3c635679bb82cca56c22d2a4562154e33f5437e1bedc86c96fa0d26a42894592d1cd92138b9add85765bd2a895053c98b2746b3654495fecac96583323eea4bb8039176777caec0b81faab701334de8aa8dbb53bbbc6548567383f99fa8b33df3127eab35d34fd81acdae6caadfb1ad48b53a53b396fbb3911d4521d4a93a4d0e2b98925c72921abd8e6cee8d7f75ebaeee4c4722dc6eb933894e75ef339ca4fe610093fbe624fd566ba69fb02a4bd2e655e1764eaf2e294554adde5925eb24e96d28e7c167e0e79bba3a1bdeef667d22afd211ec0a1368d6ec2b52fda9d129ea7951636eb41bca252ff69a42cf26445dd51f70059740ea7b8f5ab72975555c8e3273623524db2864ad1ad04ac675f1c6448287d4f71e8b70536aa57238f1c294d4926ce19275e8592b19d7c338165589daf2dafb2a2fa248a3ad9dbbddb58bae8f4c92c52c98993998ee1a18592892b5924f07af9f0602f2bd2d94de169cea0ae51c54caddfef891acd3a5c4af9b259f838e7ee8a81fb653b01415d4c4a3adaa59f5b8e3388e4e4925fef35ea235671bac631ff173f016a6d1ae29b6a58553add3d2caa546dd6827926a47ed3a841e488cbb8a3ee8e62bcb6ab705f3486a99556a0a1869f290938ed292ad449524b89a8f8614602c763ff313ab947fb0bac58d3bbffb46fb7fdfce9d38dcff003ceafe43edef678df5a5de845ed8a9ec9da256ac2e5dd686e22f96eef7bca1b356346ac630a2f9e625bef88bcfe8f48e8ebf6c041ef9b653675e33e8289472931777878d1a0d5a9b4af9b278f858e7ee0b4e81d4f71eb56e52eaaab91c64e6c46a49b650c95a35a0958cebe38c8a86e6b8a6dd770caadd412ca6549d1ac9949a51fb28241608ccfb892ee89c52b6ef76d1e910a99198a59b10e3a23b66b6166a34a12492c9ebe7c100e90befb5e5cbf654af44a1c403b7efbed7972fd952bd12871000b83a9c7b61d43eca73d2b437fd535fe16fcdff00a22a2b36f3a9d8d5776a74a4465beec7547514841a93a4d4951f0232e39490b76d2ffc7be59d977ee7acba39375bbf759df6ad7ab56acffba4e318eef380907538f6bca87daae7a2687d6f4d873378ddb3abcbafb91552b77fb928a4b24e96d28e7d459ce9cf3774446eab8a6ec36a6ddb36a2597a04a64aa0e2aa09371cdea94a6cc88d2692c61a4f0c73e45bfb39b8a6dd761532b7504b2995277bac9949a51fb2ead0582333ee24bba02a55edc5fb296ab551406e5a2887d6d4c93946837899fddeb34e93c674e7193c679c52943a99d16bf4daaa5a274e14a6a49366ac12f428958cf73381b0befb61dcbf6acaf4aa1785cdb08b4a916a562a719faa1bf0e0bd21b25be8349a90835164b47364806a7df3127eab35d34fd81f462e656dfd676abf14a889885d71292daf7e6a347eef469324e33bdce73ff0f37114089159b79d4ec6abbb53a52232df763aa3a8a420d49d26a4a8f811971ca4805c7ef678df5a5de845ed8ab36956322c0b8e3d29b9ea9a4f444c9de29adde32b5a718c9fccfd44a3df1179fd1e91d1d7ed883de579d4ef9abb553aaa2321f6a3a63a4a3a0d29d24a528b8199f1ca8c047476fd89daf2dafb2a2fa248e20167d2b6ef76d1e910a99198a59b10e3a23b66b6166a34a12492c9ebe7c10088589db0edafb562fa548ec0bd2d94de169cea0ae51c54caddfef891acd3a5c4af9b259f838e7ee8e2ba5d45ea3d5e154e3120df86fa24364b2ca4d485128b25dec90bdf673b66b9aebbf69944a8334e4c593bdd66cb2a4aff0065a5acb066a3eea4bb803d7bd9e37d6977a117b61ef678df5a5de845ed8be8004476796322c0b7dfa5373d5349e94a93bc535bbc65284e3193f99fa897000000000000000000000000000000000008ced07e43d47f0bd220498467683f21ea3f85e910024c0000000003129ff174f88658c4a7fc5d3e2196000000000000312a1f175788658c4a87c5d5e20196000000000233b3ef90f4efc5f48b126119d9f7c87a77e2fa45893000000000000000000000000000000000a736ef795c1697583ac5515c3e53ca37da5b42b5e9dd69f8447cda8fca2e318550a3d32adbbeb953a1ccdd6777ca584b9a338ce3511e3382f200e23b82e5ac5d33d13ab53552e4b6d132971484a708233322c2488b9d47e51a916b6dfe9b02977e41629f0a3446554c6d66dc7692da4d5bd74b3822e7c117905a3b20a1db73365b467e7d2e94fca56ff5b8fc76d4b3c3ee1164ccb3cc44039606e6d2851ea379d0a0cb6c9d8d26a11d975b3332d48538925164b8f12331d965685aea492936ed1cc8f8919426b8ff00fa8e3bb13b61db5f6ac5f4a901d4bee37b3ffab8d7f5ddf6c3dc6f67ff00571afebbbed8f5b5f93321ecb6b2fc07df6252371a1c616695965f6c8f065c79b22acd81d5ebb50bea73554a8d464b054d714944a7d6b492b7ad60c89478ce0cfca6035db77b36dfb4bac1d62a7221f2ae51bed2e2d5af4eeb4fc233e6d47e513cea71ed7950fb55cf44d08ff54d7f85bf37fe88a46057ab14b614c53ead3a234a56b36e3c95b6935608b3823e7c1179005b5b54da55e16fed26ad4ba5d69c8d098dceeda269b5127532851f13499f39998a726cc91519f2674b70dd9325d53ceb86445a96a3ca8f05c389998fc973254f92b93324bd2642f1add7966b5ab0582c99f13e0445f70ebcb2edfb59fb16df7645228ce3eba646538b723346a528da4e4ccccb26790123bb66c8a75995d9d11c36a4c6a7c879a70888f4ad2da8d2783e1c0c88729fbb26d03eb1bbfd06bd81f0b46e5ae4fbce850e7d6ea1221bf508ed3ecbf2d6b6dc6d4e24949524cf06932332323e0642f5dae506dd8fb2fac3b4da4d2da969dc6ed71a336970bf7cde70692cf367ee0105d98d66a1b53b92450ef592756a6b10d52db61c493649792b4209594124fe0b8b2c671c45e96e59b6fda5ca7ac54e443e55a77da5c5ab5e9ce9f8467cda8fca280ea7561d6b6833d4e34b4175a9c2ca9265ff00aad096754354eb14eec73ad53a746de729de7257568d58dd633a4f8f39f94c05e039036dbdb7abbf97feddb11fec96eff0dd73a5bbeb1a79d2664c98e3f3df7df94ac6b71f59a96782c164cf8f3110095c2dabdef4e811e0c4af3ad468cd25965b265a3d28496125934e7811108a4299229d3e34e88e1b52633a979a70888f4ad27949e0f8703221e4a34852494961d323e246483e23b67b1ab3fc0943e8acfa8072656769577dc14a7a9754ad392613fa778d1b4da495a544a2e24923e72231bed895b547baaf39906b70932e3374f5bc96d4b5270b271b223ca4c8f9947e516eed7e876dc3d96d65f814ba531293b8d0e311db4acb2fb6478322cf3198ae3a9c7b61d43eca73d2b402e5f71bd9ff00d5c6bfaeefb61ee37b3ffab8d7f5ddf6c427aa1aa758a77639d6a9d3a36f394ef392bab46ac6eb19d27c79cfca6379b039d52a858b35daa4a9725f2a9b894ae538a5a893ba6b811ab8e3267e5301436d528d4fb7f69356a5d2e314684c6e776d128d449d4ca147c4cccf9cccc434581b6dedbd5dfcbff6ed8afc076fdf7daf2e5fb2a57a250e52d95d1a9f706d26934baa4629309fdf6f1a351a495a595a8b89191f39118ec379d832187187dc8eeb2e24d0b6d6695254932c19191f39190d7c4a35b302522543a6d2634846743acb0da149c960f064592e0664023fee37b3ff00ab8d7f5ddf6c6f6dcb36dfb4b94f58a9c887cab4efb4b8b56bd39d3f08cf9b51f946df95c6fa435e790a43aa1abb3e9dd8e75a6ab2636f394ef392c8523563758ce93e3ce7e530115ea8eed874ff00b29bf4ae885d1b695785bf4a66974bad391a131ab76d134da893a946a3e26933e733311d9d529d547c9fa84d932dd4a7412e43aa71449c99e3267cd933f28f9223bcb49290cb8a49f31924cc807b9b3245467c99d2dc3764c9754f3ae19116a5a8f2a3c170e26663bbe6c38f5181260cb6c9d8d25a532eb66665a90a2c28b25c789198e0ee4927e8eef98626d65dc174bf7d5bcd48ac565c617538c9710e4974d2a49ba9c91919e0cb002d8daa6cd2cfb7f66f56aa52e8adc69ac6e776e93ae28d3a9e424f81a8cb98cc87358ebfdb6f6a1aefe5ff00b86c52db00a6c0aa5f9398a8428d2d94d31c593721a4b89256f5a2ce0cb9f067e501548bef62560daf7559932756e9289725ba82d94b8a7569c209b6cc8b0951173a8fca31baa2a8f4ca4f637d6da74387bde55bce4cc25bd78dd633a48b38c9f944b7a9c7b5e543ed573d134024dee37b3ffab8d7f5ddf6c3dc6f67ff00571afebbbed8a4b6bf5cb8e1ed4ab2c40aa55588a8dc686d890e2505961b33c111e39ccc745d96ebcfd8b6f3b216e38fae9b194e2dc33352946d2726667c4cf2038d6d2851ea379d0a0cb6c9d8d26a11d975b3332d48538925164b8f12331d137dd9b6fecfecca85cf6b53914ead42ddf27948716b36f5b896d5c166693ca56a2e25dd1cc2cbcec77db7d8716d3cda8968710a32525447923232e6323163ecaeb751aded26934eae54e54fa73dbedf469b214eb2bc32b52752566693c2888cb3dd2201aef764da07d6377fa0d7b01eec9b40fac6eff41af60753a2d6b4dd5696e834559f3e130da3ff00a0a4faa1a83029dd8e75a6951a36f394ef392c74a3563758ce92e3ce7e5301606c4ae5ac5d3664c9d5a9aa9725ba82d94b8a425384136d991612445cea3f28b28543d4eadadad9f4f4b88520faeae1e1458ffd2685bc00000000000000000000000000000000233b41f90f51fc2f488126119da0fc87a8fe17a4400930000000000c4a7fc5d3e21963129ff174f88658000000000000c4a87c5d5e2196312a1f17578806580000000008cecfbe43d3bf17d22c49846767df21e9df8be91624c0000000000000000000000000000000035957b8a8d40dcf5dea90e0eff56eb94bc48d7a719c679f192f28d98a8b6e1635c17a758bac50d12392728df6a7908d3af77a7e11967e0980abb6f359a6572f8852a953e34d6134d6db5391dc25a4944e3a66592eee0cbca2ae1637b866d03c10d74c6bda10baf50aa16d56a4522a8c933363e9de20964b22d492517123c732880766d89daf2dafb2a2fa248e3cb364b30ef9b7e4c9750d30cd4a3b8e38b3c2509271266667dc22221d0d6a6d92c8a5d9f44a7cbaa3a893169ec30ea0a2ba7a5696d2951649383e2462a3f70cda07821ae98d7b403a4fdd12ccfad348e968f587ba2599f5a691d2d1eb1cd9ee19b40f0435d31af68696e7d9bdd167d35ba856a0223c671e2612a4be85e56646a22c24ccf992602c1ea83b8a8b5fec77ad154873b71ca77bc99d25e8d5bac671cd9c1f905242476ad8d705e9cafac50d1239268df6a7908d3af569f84659f827e418f73da958b3ea4dd3eb71931e4b8c93e94a5c4af28333491e52665ce9301ea9f665cd5682dcda7d02a32a2bb9d0f33194a42b066478322ef9197dc327dceef3faad57e88bf50b97661b56b3edad9dd2a9154a8b8ccd8fbede20a338a22d4ead45c4938e6510bae9f3a3d529b16a11166b8d29943ed28c8cb521444a49e0f89703201c5526c4bb61c5764c9b6ea8d30ca14e38e2e2ac92849164cccf1c088886d7647518549da851e6d42533162b5bed6f3cb24a13965c22c99f7ccc8bef17ad6f6ad67dd141a8dbf49a8b8f54aa915d8511a38ce2096f3a934213a8d244595288b27c05115ed94ddf6d516455ea94d6d9851f4ef16525b5196a5124b8128cf9d4403ace9575dbf5d94a8d49acc19afa106e29b8efa56a24919167047cd932f28fad5ee2a350373d77aa4383bfd5bae52f1235e9c6719e7c64bca396763175d1ecfbc25d42b52551e339016c25496d4bcacdc6cc8b09233e6498dbedc2f9b7ef4eb1758a62e4724e51bed4cadbd3af77a7e11167e0980e93a556a995c8aa954a9f1a6b0959b6a723b84b4928888ccb25ddc191fde393f6dbdb7abbf97feddb134d8c6d22d7b3ecf974fad4f5c792e4f5be94a585af2836db491e52465ce9315d6d3ebb4fb9768955abd2de37a148dceed6683499e969093e07c79d2603ac2c4ed796d7d9517d1247237b9dde7f55aafd117ea17e5a9b64b229767d129f2ea8ea24c5a7b0c3a828ae9e95a5b4a545924e0f8918b52a13a3d2e9b2aa12d6688d1595beea89267a50923528f05c4f81180e26a8599735260b936a140a8c58ad635bcf4652509c991164ccbbe645f789a6c1ab34ca1df13655567c684c2a9ae369724384849a8dc68c8b27ddc11f9059778df36fed2ad49b695af31732b550d1c9d85b2b6895bb5a5c57ed2c892584a147c4fb82a9f70cda07821ae98d7b403a4fdd12ccfad348e968f587ba2599f5a691d2d1eb1cd9ee19b40f0435d31af68452e7b52b167d49ba7d6e3263c971927d294b895e50666923ca4ccb9d260377b5ca8c2ab6d42b1369f2999515ddce879959290ac32d91e0cbbc6465f70d546b12ed9915a931adbaa3cc3c84b8db888ab34ad26592323c7123231b3a0eca6efb968b1eaf4ba6b6f4291ab76b392da4cf4a8d27c0d59e7498eb3b520c8a5d9f44a7cb41224c5a7b0c3a82323d2b4b694a8b25c0f89180e3993625db0e2bb264db754698650a71c717156494248b266678e0444423c3aaeb7b56b3ee8a0d46dfa4d45c7aa5548aec288d1c67104b79d49a109d469222ca944593e029af70cda07821ae98d7b402114aa354eb92951695024cd7d283714dc76cd6a24919119e0bb9932f28fa55eddacd0373d77a54c83bfd5bae52ca91af4e338c971c64bca2ded9fd0aa1b1faf3f705eac940a6c88aa84dba8593c66f294959274a0ccfe0b6b3ce31c06af6e17cdbf7a758bac53172392728df6a656de9d7bbd3f088b3f04c05443a8f64779db349d97d1e1542bf4e8b29adfeb65e9094a93979c32c919f748c8fef1445b1b37ba2f0a6b950a2c04488cdbc6c294a7d08c2c88946585191f32886ebdc33681e086ba635ed00e93f744b33eb4d23a5a3d63e91afbb4a64a6a2c6b9296ebef2d2db6da2520d4b519e0888b3c4cccc7347b866d03c10d74c6bda111b52747a5de144a84b59a23459ec3eeac88cf4a12e254a3c1713e04603ac36b94e9b56d97d62153e2bd2a53bb9d0cb28352d5879b33c117f2233fb8541b1ba74db1aef9753bae2bd4480ec05c76e454106cb6a70dc6d448252b05ab0951e3bc93170d076ad685cb5a8f48a5d45c7a6c8d5bb41c671247a526a3e269c170498d76d9ed4ac5e167c4a7d163264496e7a1f5254e25184136e119e54645cea20159f541dc545aff63bd68aa439db8e53bde4ce92f46add6338e6ce0fc8377b06baedfa1d8f362d56b30613eaa938e25b90fa50a349b6d111e0cf9b247e414d5d5635c165f24ebec3447e57af73a5e42f568d3abe099e3e1179464db1b37ba2f0a6b950a2c04488cdbc6c294a7d08c2c88946585191f32880756fba2599f5a691d2d1eb0f744b33eb4d23a5a3d638e2bd42a85b55a9148aa324ccd8fa77882592c8b524945c48f1cca21ad01f58d1de992998d19a5bcfbcb26db6d05952d46782222ee9999890fb9dde7f55aafd117ea137b536377c52ef0a25425d29b4468b3d87dd594a68f4a12e24d4782564f8118e90af5769f6d516455ea8f1b30a3e9de2c906b32d4a2497022cf3a880513b06b56e0a1df3364d568d3a130aa6b8da5c90c2909351b8d19164cb9f0467f70e8815cfbb9ecffc2eef4377d9123b56f9b7ef4e57d6298b91c9346fb532b6f4ebd5a7e11167e0980918000000000000000000000000000000000008ced07e43d47f0bd220498467683f21ea3f85e910024c0000000003129ff174f88658c4a7fc5d3e2196000000000000312a1f175788658c4a87c5d5e20196000000000233b3ef90f4efc5f48b126119d9f7c87a77e2fa45893000000000000000000000000000000000865fbb48a66cfbadfd728732472ede6ef93124f4e8d39cea32f9e4266205b49d99b7b45eb66f2a8b83c837b8d2c6f35ebd1fe62c6347ea036d63ded06fca23d54a7c6931da6a42a39a64124946a24a559e067c30b2159ed076275dbbaf8a8d721d469ccc795bad08794b259696d083ce1265ce93ee8c17ee656c01656ab114ab69965d71392e2f706935feef469225671bace73ff1737016fd8d732af1b3a0579714a2aa56f32c92f59274b8a473e0b3f073cddd0143fbdbee7f0bd23ce77d81d3400034b75dc91ad1b6a5d76632f3d1e2e8d4db38d67a96941632645cea2ee8a82bb7246dbc4245af6fb2f409711c2a8adda81113668491b6692d06a3d597527cd8c118b6af4b653785a73a82b9471532b77fbe246b34e9712be6c967e0e39fba225b3cd9035605c0fd55bad2e69bb1551b76a8e4de32a42b39d47f33f5010ba07fe5f7947647fed0ebde9dc75bb8e8dce756ad7a79f7c9c633cc63e35db6e56de2722e8b7de6604488d95396d540cc9c35a4cdc3516825169c3a92e7ce48c7dbaa6bfc2df9bff44483a9c7b5e543ed573d134039eaebb6e55a372cba1cc7997a445d1a96ce741ea425658c911f328bb82ecb6f6fd6ed1ad7a4d2dfa5d516ec284cc75a9096f4a9484124ccb2ae6c90df5e9b0e66f1bb6757975f722aa56eff00725149649d2da51cfa8b39d39e6ee8e6cafd30a8b7155294974de2852dd8c4e1a74ebd0b34e71dcce0067d89db0edafb562fa548eb8da0db72aeeb1ea34286f32cc895bad0b78cc925a5c42cf38233e649f7071bd0ea6745afd36aa9689d38529a924d9ab04bd0a25633dcce05d5ef9893f559ae9a7ec0082df1b25ac5874466a9509d05f65d9098e498e6b35128d2a5678a4b8610630ac2d9bd4f683d70eb6cc871f90eef79ca4d45ab5eac63491fcc3165b1732b6feb3b55f8a5444c42eb89496d7bf351a3f77a34992719dee739ff00879b88b1366db336f675d73ddd5173b97eeb3a98dde8d1affcc79cebfd00731df164cfb0eb6cd2ea12633ef3b1d320951cd469249a949c7122e39418935a9b13aeddd6d44ae43a8d3998f2b5e843ca5eb2d2b520f3849973a4fba2e7da26c81abfee062aae569708da8a98dbb4c72733852d59cea2f9ff00a084bbb4c7763ce9d86cd2d1546e97cd316fee4dcdefefbe0695631bcc73f732034fef6fb9fc2f48f39df604ba66db2857942916bc2a7545997596d54f61d7d28dda16f16ed2a5614678235119e08cf034def9893f559ae9a7ec0a96c4ed876d7dab17d2a405d9b3ed89d76d1be29d5d9951a73d1e2ef7521952cd67a9b5a0b1949173a8bba2ccbe2f68361d119aa54234990d3b2131c931c926a251a54acf132e18418fadf3732aceb3a7d79114a52a2eef0c9af412b5389473e0f1f0b3cddc15031732b6feb3b55f8a5444c42eb89496d7bf351a3f77a34992719dee739ff879b880b3ac2da4533683d70eb6c3991f90eef79ca4925ab5eac63499fcc3112daaec96b17e5d11aa94f9d01869a8488e69906b251a896b567824f8616423efff00e5db4f27ff006ef5f73ab79ff67dcee3bd8d5ab3befe58d3fcc7cbdf3127eab35d34fd801b2a4ed2299b23a6336356624c9750a66adebf0c926d2b78a374b4ea323e097088f245c48c66fbe46d8f0455fcd6fdb142de9732af0bb27579714a2aa56ef2c92f59274b69473e0b3f073cddd1a0017643d89d76cd9d1ee89b51a73d128ce26a2fb4c2966e2d0c9ef1449ca48b2649322c991644b7df236c7822afe6b7ed8b5ab94c2ad502a54a53a6d14d8aec637093ab46b49a738eee3239d2f9d86b16759d3ebc8afb92951777fb938a48256a7128e7d478c6acf3770048abb7246dbc4245af6fb2f409711c2a8adda81113668491b6692d06a3d597527cd8c118ab2fdd9bd4f67dd6feb94c8723976f377c98d47a7469ce75117cf212dea71ed8750fb29cf4ad0b8b693b336f68bd6cde551707906f71a58de6bd7a3fcc58c68fd40473a9c7b5e543ed573d1342e0111d9e58c8b02df7e94dcf54d27a52a4ef14d6ef194a138c64fe67ea25c003836914d76b35a814b616843b364371d0a5e74a54b51248cf1dcc98ef21422f61cc594855d48afb92d7442eb8a631c52413c6cfef341ab51e33a719c1e33cc035b49d9bd4f6475366f9accb872e9f4cd5bd6219a8dd56f126d169d4445f09c233c9f3118b36c6dad51efcadbd4ba7c19cc3cd47548354824124d24a4a71c147c72b214dde9b717ef1b4a75057406e2a656ef2f14a359a74b895f3692ce74e39fba3ebd4e3db0ea1f6539e95a01bfea9aff0b7e6ff00d11a0d956d6a8f61daf2697508339f75d9aa904a8e4834924d084e38a8b8e5062e2da4eccdbda2f5b379545c1e41bdc696379af5e8ff0031631a3f51cdfb4ab191605c71e94dcf54d27a2264ef14d6ef195ad38c64fe67ea03136837245bbaf9a8d721b2f331e56eb421e22d45a5b420f38332e749899523603715668b02a8c5529686a6c66e4212b539a9295a4944478473e0c54c3b7ec4ed796d7d9517d1240573ef91b63c1157f35bf6c467683b6ca15dd63d46850e9d516644add695bc94120b4b8859e70a33e6498a76814c2ad5c54ba529d364a6cb6a31b849d5a35ac939c7771917a7bd9e37d6977a117b602a0b1ec99f7e56dea5d3e4c661e6a3aa41aa41a89269252538e047c72b216cd03ff2fbca3b23ff006875ef4ee3addc746e73ab56bd3cfbe4e319e63134d9e6c81ab02e07eaadd69734dd8aa8dbb54726c8b2a42b39d47f33f519fb49d99b7b45eb66f2a8b83c837b8d2c6f35ebd1fe62c6347ea036d63ded06fca23d54a7c6931da6a42a39a64124946a24a559e067c30b2127111d9e58c8b02df7e94dcf54d27a52a4ef14d6ef194a138c64fe67ea25c00000000000000000000000000000000233b41f90f51fc2f488126119da0fc87a8fe17a4400930000000000c4a7fc5d3e21963129ff00174f88658000000000000c4a87c5d5e2196312a1f17578806580000000008cecfbe43d3bf17d22c49846767df21e9df8be91624c000000000000000000000000000000002acdb26d12b560f597ad0dc45f2ddfef794b66ac68dde318517cf31698e7fea9aff0b7e6ff00d101956adbb0b6e54c76e6bad4f333e2bc74f6d34f5136dee9294b84664a251e72eab8e79b02dfb66dd8569dbd16894f53ca8b1b5e837944a5fed2cd6793222eea8fb838f2dfbfae8b560390689565c48ce3a6f29b4b6856566444679524cf9925e41b5f764da07d6377fa0d7b00269736ddeeda3dd758a64662966c439cf476cd6c2cd46942cd2593d7cf821d2238226cc91519f2674b70dd9325d53ceb86445a96a3ca8f05c389998997bb26d03eb1bbfd06bd801d37b46b8a6da96154eb74f4b2a951b75a09e49a91fb4ea10792232ee28fba284f7c45e7f47a47475fb63dd89795c1b40bce9f6c5d3515d468b3779ca22adb4209cd0da9c4f141128b0a424f81f706fb6db60daf6ad990e75129288925ca82195389756aca0db70ccb0a51973a4bc803e9697fe3df2cecbbf73d65d1c9baddfbacefb56bd5ab567fdd2718c7779c635d5714dd86d4dbb66d44b2f4094c9541c554126e39bd5294d9911a4d258c349e18e7c8a9adcbcae0b4b94f58aa2b87cab4efb4b6856bd39d3f088f9b51f947c2e0b96b174cf44ead4d54b92db44ca5c52129c208ccc8b09222e751f94075fece6e29b75d854cadd452ca6549deeb26526947ecbab41608ccfb892ee88d5576116955eb136a725faa13f31f72438487d049252d46a3c168e6c98cfd8976a1a17e63fb87052776ed5ef8a75e75d8312bceb51a3542432d364cb47a509714492c9a73c0888055800002e0ea71ed8750fb29cf4ad0b336c9b44ad583d65eb437117cb77fbde52d9ab1a3778c6145f3cc734dbf72d62d69eb9d459aa8925c68d95389425594199199614465ce92f20fbdc7795c176f26ebed4573392eadcea6d09d1ab1abe09173e92f2009efbe22f3fa3d23a3afdb138b7f67746dabd0e3ded70b931baad4b56fd30dc4a1a2dda8da4e94a92a32fd96d39e27c72351b12b06d7baacc993ab74944b92dd416ca5c53ab4e104db664584a88b9d47e517ad1e8d4fb7e94cd2e9718a3426356eda2519927528d47c4cccf9cccfef01c49735398a3dd758a646359b10e73d1db359e546942cd2593efe0874dd2b61169522b10aa719faa1bf0df6e4364b7d069352144a2c968e6c90de4dd9458f519f2674ba0b6ec992ea9e7566f3a5a96a3ca8f04ac7133313301a8b9add85765bd2a895053c98b2746b3654495fecac96583323eea4bb82a0baadd85b0da635735a8a79e9f29e2a7b89a8289c6f74a4a9c33224924f39693c73cd91626d52b350b7f66d56aa52e49c69ac6e776e9249469d4f2127c0c8cb98cc872bdc17f5d175406e0d6eacb9719b749e4b6a6d09c2c88c88f29491f328fca0322f6da256afde43d776e223916f375c9db34e75e9ce72a3f9842242e3d8459b6fddbd7febed3913392f27dcea7169d1ab7babe09973e92f20b8bdc6f67ff571afebbbed80adb673b19b66ebb0a995ba83d514ca93bdd64cbc94a3f65d5a0b04693ee24bba298b9a9cc51eebac53231acd88739e8ed9acf2a34a16692c9f7f043b6e8f46a7dbf4a66974b8c51a131ab76d128cc93a946a3e26667ce667f78e2fbefb61dcbf6acaf4aa013af7c45e7f47a47475fb6351736d9ae6bb2de9544a8334e4c593a359b2ca92bfd9592cb066a3eea4bb82e9bb765163d3accaece89416da931a9f21e69c279d3d2b4b6a349e0d58e0644285d95d1a9f706d26934baa4629309fdf6f1a351a495a595a8b89191f391180d7d9b79d4ec6abbb53a52232df763aa3a8a420d49d26a4a8f811971ca484e3df1179fd1e91d1d7ed8bafdc6f67ff00571afebbbed87b8decff00eae35fd777db014a7be22f3fa3d23a3afdb17dece6e29b75d854cadd452ca6549deeb26526947ecbab41608ccfb892ee8e74db6db547b56f3870689093123394f43ca6d2b52b2b371c233ca8ccf9925e417aec4bb50d0bf31fdc3802aeb9b6ef76d1eebac5323314b3621ce7a3b66b6166a34a16692c9ebe7c10bc6fbed7972fd952bd1287205f7db0ee5fb5657a550ed79b0e3d46049832db276349694cbad99996a428b0a2c971e24660382048acdbcea76355dda9d291196fbb1d51d452106a4e9352547c08cb8e5243a8fdc6f67ff571afebbbed87b8decffeae35fd777db01a6d8ded12b57f75ebaeedc44722dc6eb93b669cebde673951fcc21babcb6556fdf3576aa755767a1f69828e928eea529d24a52b98d27c72a315c6d53ff097ad3d82ff00b1fae7bee59bbfde6f777a346779ab18de2f9b1ce26db12b96b174d9932756a6aa5c96ea0b652e29094e104db66458491173a8fca035fef77b33e9157e908f6057b52db35cd6854e5db34d669ca81477974f8ca7d9529c36da51b6935192888cf092c9e0b88e9c10c9bb28b1ea33e4ce97416dd9325d53ceacde74b52d47951e0958e266603474ad845a548ac42a9c67ea86fc37db90d92df41a4d485128b25a39b242cf010ddaa566a16fecdaad54a5c938d358dceedd24928d3a9e424f819197319900c3dae5e753b1ad48b53a52232df767223a8a420d49d2687147c08cb8e524355b1bda256afeebd75ddb888e45b8dd7276cd39d7bcce72a3f984203b31acd436a77248a1deb24ead4d621aa5b6c38926c92f2568412b28249fc171658ce388d8ed53ff00097ad3d82ffb1fae7bee59bbfde6f777a346779ab18de2f9b1ce03a00056bb12b96b174d9932756a6aa5c96ea0b652e29094e104db66458491173a8fca2ca00000000000000000000000000000000119da0fc87a8fe17a4409308ced07e43d47f0bd22004980000000006253fe2e9f10cb1894ff008ba7c432c00000000000062543e2eaf10cb18950f8babc4032c00000000046767df21e9df8be91624c233b3ef90f4efc5f48b126000000000000000000000000000000001afa9d368f51dd75da0c195bbceef95b485e9ce338d45c398bc84360292ea83b76b55fec77ad14a993b71ca77bc99952f46add6338e6ce0fc802d045a76aba9d4ddbf465967194c268ff00e83df61f6c7d5ca47416bd91586c6ea30ac6b425d32eb94cd127bb3d721b8f505932e29b36db492c92ac19919a5459efa4c587ee89667d69a474b47ac07245e94f5b17d5c2d4788a6d8454e4a5b436de129493aac11117022c0d1f2493f4777cc31de91a433322b32a33a87987904e34e20f295a4cb24647dd23231a28d7dda5325351635c94b75f79696db6d12906a5a8cf044459e26666038be21d4a0494498672e3484674bacea42d392c1e0cb8970332fbc5b7b159332bf794c8b743efd4a0a29eb710cd4d66f369709c6c89444e64b560d459e7c198e8da854615260b93aa12998b15ac6b79e592529c991164cf9b89917de2a0db254615f36844a65a9299adcf6a7a24391e9eb279c4b64db89359a5393c65492cf7d440237d50747a643ec77acb4e86c6be53bde46c2539c6eb1ab497f33c67f98a416dada3d2e21483c670a2c0e8fea7cb76b540ec8baef4a99077fc9b75ca595235e9dee719e7c64bca349b79b56e0ae5f30a4d2a8d3a6b09a6b6da9c8ec296925138e999648b9f0647f780a7225c95d811511a1d6aa31a3a33a1a6652d084e4f278223c1713331d6568d12da9f6650a64fa652644c914f8eebef3f1db5b8e38a6d26a52946593519999999f1331cbfee7779fd56abf445fa847a4c77a1ca7a349696cbecacdb71b596148511e0c8cbb8646403716532d48bf2dd61f6d0eb2e54e3216dad24a4a926ea48c8c8f9c8c87486d7ed8a243d96d65f8143a7b1291b8d0e3111095965f6c8f06459e633149d9b625db0ef9b7e549b6ea8d30cd4a3b8e38b8ab24a124e24ccccf1c0888875f00e57d8352a1cbbe26b757811de8e54d70d2996c9291ab78d60c89458ce33fa8e8b6ed5b51dceee81455e39f4c368f1fa0856de68d53ae58d0a2d2a0499afa2a4db8a6e3b66b51249b748cf05dcc99794693a9f2ddad503b22ebbd2a641dff26dd7296548d7a77b9c679f192f2808bedb9d9f6dde70e1db6e49a5c35d3d0ead9a69a986d4e1b8e11a8d28c11ab0492cf3e08bbc2b15ddb74b6a34aee1ac2545ce4735d23ff98ecbaadd76fd0a526355ab30613eb413896e43e9428d266659c19f3648fc839af6996ed66ecda1552b76f52a6552952775b8990d953ad39a5a4215a5492c1e149511ff00323010c2b9aee524949ae56cc8f89194b7707fa8ed92951d4a24a5f68ccf81112cb88845ad79db347b428b4ca957e9d127c380c479319e909438cb886d295214933c91919191977c872cd9b259877cdbf264ba869866a51dc71c59e1284938933333ee111100ea3db6f6a1aefe5ffb86c529b03834da85f535aaa45892582a638a4a253695a495bd6b0644ae19c19f94c59fb5cbced9ab6cbeb10a9f5fa74a94eee3432cc84a94ac3cd99e088fb84467f70e5c017e6dddd6ad9eb07630e2293ca394728eb61ee37ba775a75eef19c6a5633cd93ef8a85174dd8e275375ead2cb9b2998e9ff00d468474ff538f6bca87daae7a2680501d92ddfe1bae74b77d634921d79e90ebb216b71f5acd4e2dc333529467933333e26791df43882fbed8772fdab2bd2a8076abcec190c38c3ee47759712685b6b34a92a49960c8c8f9c8c86be251ad9812912a1d36931a4233a1d6586d0a4e4b078322c9703321c34003bed0fb4eab4b6ea167cf84a88c527d50d53ac53bb1ceb54e9d1b79ca779c95d5a3563758ce93e3ce7e53110ea71ed8750fb29cf4ad0e8cabdc546a06e7aef5487077fab75ca5e246bd38ce33cf8c97940555b158d0ebf66cc957430c54a6a2a0b6d0f54d04f3896c9b6cc9246e64f4e4d478e6c998b820c6870e1b6c53d86188a8ce86d841250593c9e08b873998e59dbcd66995cbe214aa54f8d3584d35b6d4e477096925138e99964bbb832f28b4b64779db349d97d1e1542bf4e8b29adfeb65e9094a93979c32c919f748c8fef01cf97df6c3b97ed595e95436d65dd770bf7d5bcd48afd4dc617538c9710e4c70d2a49ba9c91919e0cb03ef74d9973562eead54e9b40a8cb81327bf22349623a96dbcdadc5292b4a88b0646464647de31a8f73bbcfeab55fa22fd403a6f6bf545c3d96d65f813d4c4a46e3438c3da569cbed91e0c8f3cd91566c0ee2aad42fa9cd552b3324b09a638a4a254a52d24adeb5832251e33833f298abaa1665cd4982e4da8502a3162b58d6f3d1949427264459332ef9917de34403bbe65328f5bd1cb60c19fb9ce8dfb48774679f1923c6705e41f6834d834b614c53e14688d295acdb8ed25b49ab8167045cf822f20e77ea7cb8a8b40ec8baef5487077fc9b75ca5d246bd3bdce33cf8c97945d9ee89667d69a474b47ac073f6d7eb971c3da956588154aab1153b8d0db121c4a0b2c36678223c73998e8bb2dd79fb16de7642dc71f5d36329c5b8666a528da4e4cccf899e46ca9f51855682dcea7ca66545773a1e6564a4ab06647832e7e2465f70ca01f1e571be90d79e43e525ba7d4d85439488b2d9731a997492e25583c96527cfc4b3f70e108d1de992998d19a5bcfbcb26db6d05952d46782222ee99998b3b6676ed66d3da152eb770d2a652e951b7bbf99319534d37a9a5a13a94a2c1654a4917f33201d33128b44a33a72215329f05c52741b8cb0868cc8f8e32445c38170fe43dcca651eb7a396c1833f739d1bf690ee8cf3e32478ce0bc82a6db254615f36844a65a9299adcf6a7a24391e9eb279c4b64db89359a5393c65492cf7d443e7d4f96ed6a81d9175de95320eff00936eb94b2a46bd3bdce33cf8c979405c7069b0696c298a7c28d11a52b59b71da4b6935702ce08b9f045e41940000000000000000000000000000000000233b41f90f51fc2f488126119da0fc87a8fe17a4400930000000000c4a7fc5d3e21963129ff174f88658000000000000c4a87c5d5e2196312a1f17578806580000000008cecfbe43d3bf17d22c49846767df21e9df8be91624c00000000000000000000000000000000239755f36fd97c93afb3171f95ebdce9656e6ad1a757c123c7c221231cffd535fe16fcdff00a2030768142a86d82bcc5c1653253e9b1e2a6138ead64c993c9529669d2b323f82e20f38c71114f70cda07821ae98d7b4375b2adad51ec3b5e4d2ea10673eebb35520951c9069249a109c715171ca0c4e7df236c7822afe6b7ed80d95136ad67daf41a75bf56a8b8cd4a9715a852da28ce2c90f349242d3a8926478524cb25c05636a6c6ef8a5de144a84ba53688d167b0fbcb294d1e9425c49a8f04ac9f02315b5c7526ab37455ea8c2168666cd7a4212bc6a4a56b35111e3bb831d2548dbf5bb59ad40a5b14baa21e9b21b8e852d2de94a96a24919e15cd93012ada7d0aa172eceeab48a5b24f4d91b9dda0d64923d2f2147c4cf05c1262a0d9fd0aa1b1faf3f705eac940a6c88aa84dba8593c66f294959274a0ccfe0b6b3ce31c05e975dc91ad1b6a5d76632f3d1e2e8d4db38d67a96941632645cea2ee8e7adaaed6a8f7e5af1a974f8339875a9a9906a9048249a490b4e3828f8e56402fcb56f9b7ef4e57d6298b91c9346fb532b6f4ebd5a7e11167e098c6b9f6916c59f526e9f5a9eb8f25c649f4a52c2d794199a48f29232e7498aafa997fc53f94ff00584836abb25ac5f97446aa53e74061a6a12239a641ac946a25ad59e093e185900b3a835da7dcb458f57a5bc6f4291ab76b341a0cf4a8d27c0cb3ce931c657df6c3b97ed595e9542eca4ed2299b23a6336356624c9750a66adebf0c926d2b78a374b4ea323e097088f245c48c47e66c4ebb794e917442a8d39989597155161a7d4b2710878f78925612659225111e0ccb202cdf773d9ff85dde86efb236341dab5a172d6a3d22975271e9b2356ed0719c491e949a8f89a71cc931c6a24fb3eb922da37cd3ab931979e8f177bad0c916a3d4dad058c99173a88075edcf75d1ecfa6b750adc95478ce3c4c25496d4bcacc8d44584919f324c63dab7cdbf7a72beb14c5c8e49a37da995b7a75ead3f088b3f04c5535db9236de2122d7b7d97a04b88e15456ed40889b34248db34968351eacba93e6c608c4b3647b37a9ecfbaf1d729712472edc6ef931a8f4e8de673a88be79008c6d9f66f745e17844a85160224466e02185294fa1185938e28cb0a323e6510b1766142a85b5b3ba5522a8c933363efb788259288b53cb517123c1f0510978aceebdb650ad1b9a5d0a6d3aa2f488ba35ad94a341ea425658ca88f9945dc01cd97df6c3b97ed595e9543514f8322a9528b4f88825c994f2186926645a96a324a4b27c0b8990cbb8ea4d566e8abd51842d0ccd9af4842578d494ad66a223c7770616e549aa35d148aa3e85ad98535990b4a31a94942c946459eee080482bdb29bbedaa2c8abd529adb30a3e9de2ca4b6a32d4a249702519f3a8869ad8b52b178549ca7d123264496d937d4953894610464933ca8c8b9d442d8da0edb2857758f51a143a75459912b75a56f250482d2e21679c28cf9926359d4e3db0ea1f6539e95a0102baac6b82cbe49d7d8688fcaf5ee74bc85ead1a757c133c7c22f28bf3a9c7b5e543ed573d134367b5dd9bd4f683d67eb6cb891f90eff0079ca4d45ab5eef18d247f30c44e857245d83c15daf7032f4f9729c3a8a1da7911b64851136493d6693d596947cd8c1900b12bdb56b42daad48a4552a2e33363e9de20a338a22d492517124e0f8288726dd73a3d52f0add4222cd71a54f7df6966465a90a714a49e0f89703216d55b66f53dae54debe68d2e1c4a7d4f4ee98986a2753bb49347ab49197c26cccb07cc6429aabd35da356a7d2df5a16ec290e475a919d2a521469332cf732403086ca8342a85cb5a8f48a5b24f4d91ab768359208f4a4d47c4cf1cc93169fbdbee7f0bd23ce77d8127d9f6c4ebb68df14eaecca8d39e8f177ba90ca966b3d4dad058ca48b9d45dd01f9b18d9bdd167de12ea15a8088f19c80b612a4be85e566e36a22c24ccf992630faa6bfc2df9bff447400e7fea9aff000b7e6ffd1014000b02c7d92d62fca23d54a7ce82c32d4854734c835928d4494ab3c127c30b2119baedb9568dcb2e8731e65e911746a5b39d07a90959632447cca2ee00ec5b13b5e5b5f6545f4491a2a7ed92c8aa54a2d3e2555d5c994f218690715d2d4b5192525934e0b8990ded89daf2dafb2a2fa248e40b13b61db5f6ac5f4a901d61b4fa1542e5d9dd56914b649e9b2373bb41ac9247a5e428f899e0b824c72ddcfb37ba2cfa6b750ad404478ce3c4c25497d0bcacc8d44584999f324c769882ed56c99d7e5af1a974f9319875a9a8906a906a249a490b4e3811f1cac8072edab635c17a72beb143448e49a37da9e4234ebd5a7e11967e09f9063dcf6a562cfa9374fadc64c792e324fa529712bca0ccd2479499973a4c74bec8f66f53d9f75e3ae52e248e5db8ddf26351e9d1bcce75117cf21acdaaec96b17e5d11aa94f9d01869a8488e69906b251a896b567824f861640357b30dab59f6d6cee9548aa545c666c7df6f10519c5116a756a2e249c732884bbddcf67fe1777a1bbec8e60baedb9568dcb2e8731e65e911746a5b39d07a90959632447cca2ee0d28090589db0edafb562fa548e9fdb6f6a1aefe5ff00b86c730589db0edafb562fa548e9fdb6f6a1aefe5ffb86c0541d4e3db0ea1f6539e95a1d3e3983a9c7b61d43eca73d2b43a7c0000000000000000000000000000000000000467683f21ea3f85e91024c233b41f90f51fc2f48801260000000001894ff008ba7c432c6253fe2e9f10cb00000000000018950f8babc432c62543e2eaf100cb000000000119d9f7c87a77e2fa4589308cecfbe43d3bf17d22c4980000000000000000000000000000000073ff54d7f85bf37fe88e80112bdb67746bfb90f5ddc988e45bcdd7267129cebd39ce527f3080503b35d90b37fdb922aae569708da96a8dbb4c72733842159cea2f9ff00a098fbd9e37d6977a117b6302eab8a6ec36a6ddb36a2597a04a64aa0e2aa09371cdea94a6cc88d2692c61a4f0c73e45bfb39b8a6dd761532b7504b2995277bac9949a51fb2ead0582333ee24bba02aff007b3c6fad2ef422f6c6c287d4f71e8b70536aa9b91c78e14a6a493670c93af428958cebe19c0ba86aae6a8bf47b52b1538c4837e1c17a4364b2ca4d4841a8b25dec900c5bd2d94de169cea0ae51c54caddfef891acd3a5c4af9b259f838e7ee8a93decf1beb4bbd08bdb114f7c45e7f47a47475fb627db23daadc17cdd72a99556a0a186a0ae424e3b4a4ab512db4971351f0c28c04ab66db336f675d73ddd5173b97eeb3a98dde8d1aff00cc79cebfd06a3695b5e7ac0b8e3d29ba322693d1132778a906de32b5a718d27f33f51fbb64da256ac1eb2f5a1b88be5bbfdef296cd58d1bbc630a2f9e639d6f2bcea77cd5daa9d551190fb51d31d251d0694e9252945c0ccf8e54602e06b666ded85b2bf1eaaaa96baa73c3431be26f75fb9f87a939ceef3cdddc0f82f6e2fd94b55aa8a0372d1443eb6a649ca341bc4cfeef59a749e33a738c9e33ce20f6ced9ae6b4ede8b44a7b34e5458daf41bcca94bfda59acf264a2eea8fb821154a8bd58abcda9c92413f31f5c870905849296a351e0bbd93017cfbd9e37d6977a117b623d7cec358b3ace9f5e457dc94a8bbbfdc9c52412b5389473ea3c635679bb8317df1179fd1e91d1d7ed8d9dbfb44ad6d5eb91ec9b85b88dd2aa5ab7eb86d9a1d2dda4dd4e95294a22fda6d39e1cd90100d9ddf2bb02e07eaadc04cd37a2aa36ed4eeef1952159ce0fe67ea2ccf7cc49faacd74d3f606b36b9b2ab7ec6b522d4e94ece5beece4475148752a4e93438a3e0492e39490d5ec7367746bfbaf5d7772623916e375c99c4a73af799ce527f308049fdf3127eab35d34fd81525e9732af0bb27579714a2aa56ef2c92f59274b69473e0b3f073cddd1d0def77b33e9157e908f60509b46b7615a97ed4e894f53ca8b1b75a0de51297fb4d216793222eea8fb802cba0753dc7ad5b94baaaae471939b11a926d9432568d6825633af8e32361ef678df5a5de845ed8b6ac4ed796d7d9517d12451d6ceddeedac5d747a64962964c4c9ccc770d0c2c94495ac92783d7cf8301b7f7b3c6fad2ef422f6c4bb679b206ac0b81faab75a5cd3762aa36ed51c9b22ca90ace751fccfd4598203b5cbcea7635a916a74a4465beece447514841a93a4d0e28f811971ca4807cb6a1b4c73675d6addd2d13b976fb3a9fdde8d1a3fca79cebfd0738ed12f95dff7031557202611b31531b76977799c296ace705f3ff41f97b6d12b57ef21ebbb7111c8b79bae4ed9a73af4e73951fcc2112016dd97b717eceb4a0d051406e5262ef30f1ca341ab538a5f3693c635639fb82528d87337aa13752ebee44556cbae2a8e514964c9bdfbcd1ab51671ab19c167031f673b19b66ebb0a995ba83d514ca93bdd64cbc94a3f65d5a0b04693ee24bba2f7a55399a3d22153231acd886c223b66b3ca8d284924b27dfc100cc11dbe6e6559d674faf22294a545dde1935e8256a7128e7c1e3e1679bb82442bfdb6f6a1aefe5ffb86c06af66bb5e7affb8e4529ca322113311527789906e670b42718d25f3ff41b7da4eccdbda2f5b379545c1e41bdc696379af5e8ff0031631a3f514ef538f6c3a87d94e7a56874f80e7e7ee656c01656ab114ab69965d71392e2f706935feef469225671bace73ff00173701f46b666ded85b2bf1eaaaa96baa73c3431be26f75fb9f87a939ceef3cdddc08ef54776c3a7fd94dfa5745bfb12ed4342fcc7f70e00aed7b717eca5aad54501b968a21f5b5324e51a0de267f77acd3a4f19d39c64f19e7192bd8731652157522bee4b5d10bae298c714904f1b3fbcd06ad478ce9c67078cf30a6efbed8772fdab2bd2a875fdf7daf2e5fb2a57a2500a6bdf3127eab35d34fd8131d9aed79ebfee3914a728c8844cc4549de2641b99c2d09c63497cff00d072a0b83a9c7b61d43eca73d2b403a7c557b4adaf3d605c71e94dd191349e88993bc54836f195ad38c693f99fa8fddb26d12b560f597ad0dc45f2ddfef794b66ac68dde318517cf311cb56dd85b72a63b735d6a7999f15e3a7b69a7a89b6f7494a5c23325128f39755c73cd801f06b666ded85b2bf1eaaaa96baa73c3431be26f75fb9f87a939ceef3cdddc0f7ef678df5a5de845ed8b8ed9b7615a76f45a253d4f2a2c6d7a0de51297fb4b359e4c88bbaa3ee0db80e20b13b61db5f6ac5f4a91d817a5b29bc2d39d415ca38a995bbfdf12359a74b895f364b3f071cfdd1c7f6276c3b6bed58be9523ad768d714db52c2a9d6e9e96552a36eb413c93523f69d420f24465dc51f740556fdb29d80a0aea6251d6d52cfadc719c47272492ff79af511ab38dd6318ff008b9f809decbf698e6d17aebbca5a20f21dce34bfbcd7af5ff94b18d1fa8ae6d5b8a6edcaa6e5b375a596604564ea0daa9e936dcdea5496c88cd46a2c61d570c73e05b964ecee8d60f2eeb439317cb777bde52e2558d1ab18c24be7980968000000000000000000000000000000000008ced07e43d47f0bd220498467683f21ea3f85e910024c0000000003129ff174f88658c4a7fc5d3e2196000000000000312a1f175788658c4a87c5d5e20196000000000233b3ef90f4efc5f48b126119d9f7c87a77e2fa4589300000000000000000000000000000000000a3faa1aa758a77639d6a9d3a36f394ef392bab46ac6eb19d27c79cfca60221d51ddb0e9ff6537e95d10ba36d2af0b7e94cd2e975a723426356eda269b5127528d47c4d267ce66634739fabd51f4bf507674b7529d04e4852dc51272678c9f73267e518bc924fd1ddf30c04d3dd93681f58ddfe835ec0ebd9b0e3d46049832db276349694cbad99996a428b0a2c971e246622365da96f3f62dbcec8b7e98e3eba646538b721b66a528da4999999964cf226c020bee37b3ffab8d7f5ddf6c42f69b46a7ecb2db8f5cb2a31526a4fcc4c471f6d46e1a995216b34e166a2f84da0f38cf0136dafc9990f65b597e03efb1291b8d0e30b34acb2fb647832e3cd91c9f3aa770d5184b1509d5496ca55ac9b90eb8e2495832ce0cf9f067e501746caff00f16baedd9d7fb63ad9b9e47bcfddeeb79af5e377a739dda39f3cc215b6db6a8f6ade70e0d12126246729e8794da56a56566e3846795199f324bc826bd4dbff0065ec9b947ee75725d3bcfd9ce37dcd9174cea65bd547d2fd420d2e5ba94e8272434db8a24e4cf1932e6c99f940557b2bd9a59f706cde9354aa515b9335fdf6f1d375c49ab4bcb4970251173111098fb8decffeae35fd777db1456d46a757a3ed1aab028336742a635b9dcc780eadb65196506ad2941924b2a3333c774cc428eeeba1266955c558232e064735de1ffec03482c0d8976dea17e63fb77046ecb6997efab79a9086dc617528c9710e111a549375392323e06581d27b51a651e8fb39aacfa0c2830aa6d6e7732203486de465e412b4a9044a2ca4cc8f1dc33013ab82daa3dd501106b70932e336e93c96d4b5270b223223ca4c8f9947e51f0b72cdb7ed2e53d62a7221f2ad3bed2e2d5af4e74fc233e6d47e51476c1ab75a977c4d6eaf549ef472a6b8a4a65c85a904bde35832251e338cfea3a2db79b773bb710bc73e956700287db75fd745ad79c38344ab2e246729e8794da5a42b2b371c233ca9267cc92f20df58966dbfb40b329f73dd34e4546b53779ca252dc5a0dcd0e29b4f041924b09424b81770403aa29875dda0c0536d2d65d6a6cb29499ff00eaba2b18f70d7e98c26245ac54a232de74b2d4971b4a72793c248f8713cfde026f706d2aefb76e4aa50e935a7235369b31d89118265b5134d36b342124669333c2488b26667c044ec4ed876d7dab17d2a46a1c44c94eae43a87de71d51ad6e2c8d46b33e26667dd33e7c8ebdbb68b6d40b32bb320532931e6314f90eb0f311db438db896d46952544592511911919712301f7daa566a16fecdaad54a5c938d358dceedd24928d3a9e424f81919731990e57b82feba2ea80dc1add5972e336e93c96d4da1385911911e52923e651f946ba5dc95d9f1571a656aa3263af1ada7a52d68560f259233c1f12231ae436b74f4b6852cf19c24b203c0bef62560daf7559932756e9289725ba82d94b8a7569c209b6cc8b0951173a8fca28ae4927e8eef98636306a770d2d85314f9d5488ca95acdb8eeb8da4d5822ce08f9f045e401db347a353edfa5334ba5c628d098d5bb68946649d4a351f13333e7333fbc7315dbb57be29d79d760c4af3ad468d5090cb4d932d1e9425c5124b269cf02221085ddb74b6a34aee1ac2545ce4735d23ff98d3bcf3b21f71f7dc5baf38a35adc5a8cd4a519e4ccccf9cccc04dbdd93681f58ddfe835ec091d89795c1b40bce9f6c5d3515d468b3779ca22adb4209cd0da9c4f141128b0a424f81f705cd7a5bf6b3162dc0ec7a4519b7d14c92a6d6dc6689495134ac19191648f2390e24c95024a24c392f46908ce875959a169c960f065c4b81997de03b4edfb06d7b567b93a8b4944492e346ca9c4bab56506646658528cb9d25e41251cddb03b8aab50bea73554accc92c2698e292895294b492b7ad60c89478ce0cfca6379d50d5d9f4eec73ad355931b79ca779c964291ab1bac6749f1e73f29808af54776c3a7fd94dfa57442e8db4abc2dfa5334ba5d69c8d098d5bb689a6d449d4a351f13499f399988ecea94eaa3e4fd426c996ea53a09721d538a24e4cf1933e6c99f947516c76dba14fd95d1654ca2d3a4c85eff5baf4542d4ac3ee1164ccb27c088807dedfd9ad9f715b74bae55a8adc9a954a1b52e5be6f389375e7104b5a8c89444595199e0888b88b126c38f5181260cb6c9d8d25a532eb66665a90a2c28b25c789198e3cbbee4aed3af5af42855aa8c6891ea32196186652d0db484b8a24a52923c2488888888b81110d315dd7428c929b8ab0667c088a6bbc7ffd807557b8decffeae35fd777db1b5b7ec1b5ed59ee4ea2d251124b8d1b2a712ead594199199614a32e7497907222ae8bb509352ebb5b4a4bba72dd22ff98b476015eac552fc9cc542ad3a5b29a638b26e4485b89256f5a2ce0cf9f067e5019fd535fe16fcdffa2241d4e3daf2a1f6ab9e89a11fea9aff000b7e6ffd114a536af5d811d4d52ea3528cc1acd4a445796849ab04593249e33822f2100eeb01c41d92ddfe1bae74b77d61d92ddfe1bae74b77d603ab216ca2c7a74f8d3a2505b6a4c6752f32e13ce9e95a4f293c1ab1c0c88616db7b50d77f2ffdc36396bb30b9feb1d5fa739ed098ecaeb751aded26934eae54e54fa73dbedf469b214eb2bc32b52752566693c2888cb3dd2201b5ea71ed8750fb29cf4ad0e9f14aedb5a816e5990e65b6dc6a5cc5d410d2dea69258714d9b6e19a4d48c19a72949e39b24428745d575bb9ddd7eb4bc73e998e9ff00d4077100aaf6073aa550b166bb54952e4be55371295ca714b512774d7023571c64cfca62d400000000000000000000000000000000119da0fc87a8fe17a4409308ced07e43d47f0bd22004980000000006253fe2e9f10cb1894ff8ba7c432c00000000000062543e2eaf10cb18950f8babc4032c00000000046767df21e9df8be91624c233b3ef90f4efc5f48b126000000000000000000000000000000001acabdc546a06e7aef5487077fab75ca5e246bd38ce33cf8c97946cc73ff54d7f85bf37fe880b6bdd12ccfad348e968f587ba2599f5a691d2d1eb1ca56c6cdee8bc29ae5428b01122336f1b0a529f4230b222519614647cca21baf70cda07821ae98d7b403a4fdd12ccfad348e968f587ba2599f5a691d2d1eb1cd9ee19b40f0435d31af683dc33681e086ba635ed00e93f744b33eb4d23a5a3d633a9575dbf5d94a8d49acc19afa106e29b8efa56a24919167047cd932f28e4caf6ca6efb6a8b22af54a6b6cc28fa778b292da8cb528925c09467cea212cea71ed8750fb29cf4ad00997541dbb5aaff0063bd68a54c9db8e53bde4cca97a356eb19c736707e41cf955a354e8729316ab024c27d482712dc86cd0a34999911e0fb9923f20ecdbaaf9b7ecbe49d7d98b8fcaf5ee74b2b73568d3abe091e3e110e69db3dd747bc2f08950a2c95488cdc0430a529b5230b271c332c2888f994402f9d8976a1a17e63fb8707305f7db0ee5fb5657a550e9fd8976a1a17e63fb87053b75ec6ef8aa5e15ba844a536b8d2a7befb4b394d16a429c51a4f06ac97032010393625db0e2bb264db754658650a71c717156494248b266678e0444436bb23a8c2a4ed428f36a12998b15adf6b79e592509cb2e1164cfbe6645f78eb1bae0c8aa59f5ba7c4412e4ca80fb0d20cc8b52d4da9292c9f02e2643932bdb29bbedaa2c8abd529adb30a3e9de2ca4b6a32d4a249702519f3a8805a9b79baedfae58f0a2d2ab3066be9a936e29b8efa56a24936e919e08f9b265e51a4ea7cb8a8b40ec8baef5487077fc9b75ca5d246bd3bdce33cf8c9794524003bc2955aa65722aa552a7c69ac2566da9c8ee12d24a222332c97770647f78e4fdb6f6deaefe5ff00b76c4d3631b48b5ecfb3e5d3eb53d71e4b93d6fa529616bca0db6d2479491973a4c575b4faed3ee5da2556af4b78de852373bb59a0d267a5a424f81f1e74980e8fb36fbb4a1d8f6fc5937252da7d9a6c66dc6d72904a4289b49191967819190e4113da7ec6ef8aa5362d422529a5c694ca1f696729a2d485111a4f06ac97032193ee19b40f0435d31af6805722e0ea71ed8750fb29cf4ad089d7b65377db5459157aa535b66147d3bc59496d465a94492e04a33e7510967538f6c3a87d94e7a568074655ee2a350373d77aa4383bfd5bae52f1235e9c6719e7c64bca3e94aad532b91552a953e34d612b36d4e47709692511119964bbb8323fbc563b70b1ae0bd3ac5d6286891c93946fb53c8469d7bbd3f08cb3f04c6df6316a562cfb3e5d3eb51931e4b93d6fa529712bca0db6c88f29332e74980a1b6dbdb7abbf97feddb15f8b036dbdb7abbf97feddb15f8090c9b12ed8715d9326dbaa32c328538e38b8ab24a124593333c70222211e1d4575ed92c8aa59f5ba7c4aa3ab932a9efb0d20e2ba5a96a6d494964d382e2643974067d2a8d53ae4a545a5409335f4a0dc5371db35a89246446782ee64cbca36fee7779fd56abf445fa84eba9c7b61d43eca73d2b42fcbaaf9b7ecbe49d7d98b8fcaf5ee74b2b73568d3abe091e3e1100e49f73bbcfeab55fa22fd43a1b6677151ad3d9ed2e8970d521d2eab1b7bbf8731d269d6f53ab5a75255c4b29524cbf9190cdf773d9ff85dde86efb239d769f5da7dcbb44aad5e96f1bd0a46e776b341a4cf4b4849f03e3ce9301acbca4b332f9b824c6750eb0f54a438db883ca569371464647dd2323125b36c4bb61df36fca936dd51a619a94771c717156494249c499999e3811110f9d3f6377c5529b16a11294d2e34a650fb4b394d16a42888d2783564b8190e85a7ed92c8aa54a2d3e2555d5c994f218690715d2d4b5192525934e0b89900fb6d729d36adb2fac42a7c57a54a7773a196506a5ab0f3667822fe4467f70abb60d6adc143be66caaad1a7426154d71b4b921852126a371a322c9973e08fc83a20692e7bae8f67d35ba856e4aa3c671e2612a4b6a5e56646a22c248cf9926029aea9aff000b7e6ffd1120ea71ed7950fb55cf44d0af76e17cdbf7a758bac53172392728df6a656de9d7bbd3f088b3f04c585d4e3daf2a1f6ab9e89a0161d42f3b669339c8350afd3a2ca6b1ad97a4252b4e488cb2467dd2323fbc6e23486664566546750f30f209c69c41e52b499648c8fba464639e769fb29bbee5da2556af4ba6b6f4291b9ddace4b6933d2d2127c0d59e7498bced483229767d129f2d04893169ec30ea08c8f4ad2da52a2c9703e246038606553e9d36ad39b834f8af4a94ee7432ca0d4b5608ccf045fc88cfee1f94f8322a9528b4f88825c994f2186926645a96a324a4b27c0b8990b6aceb1ae0d9b5d70aedba61a21d169faf943e8790e9a77885369fd9419a8f2a5a4b81774040bdceef3faad57e88bf50bb3a9f2ddad503b22ebbd2a641dff0026dd7296548d7a77b9c679f192f2893fbb9ecffc2eef4377d9123b56f9b7ef4e57d6298b91c9346fb532b6f4ebd5a7e11167e0980918000000000000000000000000000000000008ced07e43d47f0bd220498467683f21ea3f85e910024c0000000003129ff174f88658c4a7fc5d3e2196000000000000312a1f175788658c4a87c5d5e20196000000000233b3ef90f4efc5f48b126119d9f7c87a77e2fa45893000000000000000000000000000000000e7fea9aff0b7e6ff00d11d0039ff00aa6bfc2df9bff440483a9c7b5e543ed573d13436975edb28568dcd2e85369d517a445d1ad6ca51a0f5212b2c65447cca2ee0d5f538f6bca87daae7a268541b6dedbd5dfcbff6ed80b67df236c7822afe6b7ed8cda46dfaddacd6a052d8a5d510f4d90dc7429696f4a54b51248cf0ae6c98e59120b13b61db5f6ac5f4a901d3fb6ded435dfcbff70d8a83a9c7b61d43eca73d2b42dfdb6f6a1aefe5ff00b86c541d4e3db0ea1f6539e95a01bfea9aff000b7e6ffd11400ec2da4eccdbda2f5b379545c1e41bdc696379af5e8ff31631a3f51cdfb4ab191605c71e94dcf54d27a2264ef14d6ef195ad38c64fe67ea02c1d9f6db28568d8f4ea14ca7545e91177ba96ca50683d4e2d658ca88f994424def91b63c1157f35bf6c42ac6d86b178d9d02bcbafb91552b79fb928a4b24e97148e7d459ce9cf3774487decf1beb4bbd08bdb0121a46dfaddacd6a052d8a5d510f4d90dc7429696f4a54b51248cf0ae6c98996d06db957758f51a1437996644add685bc66492d2e21679c119f324fb838de87533a2d7e9b554b44e9c294d4926cd5825e8512b19ee6702eaf7cc49faacd74d3f600416f8d92d62c3a23354a84e82fb2ec84c724c7359a8946952b3c525c3083185616cdea7b41eb875b66438fc8777bce526a2d5af5631a48fe618b2d8b995b7f59daafc52a2262175c4a4b6bdf9a8d1fbbd1a4c938cef739cffc3cdc4589b36d99b7b3aeb9eeea8b9dcbf759d4c6ef468d7fe63ce75fe80398ef8b267d875b6697509319f79d8e9904a8e6a34924d4a4e389171ca0c49ad4d89d76eeb6a25721d469ccc795af421e52f59695a9079c24cb9d27dd173ed0f640d5ff0070315572b4b846d454c6dda6393847852d59cea2f9ff00a084bbb4c7763ce9d86cd2d1546e97cd316fee4dcdefefbe0695631bcc73f73202eeb729aed1ad7a4d2df5a16f4284cc75a919d2a521049332cf73242adf7c8db1e08abf9adfb6341ef9893f559ae9a7ec0a5a814c2ad5c54ba529d364a6cb6a31b849d5a35ac939c7771901716d076d942bbac7a8d0a1d3aa2cc895bad2b792824169710b3ce1467cc93106d955ed06c3ba24d52a11a43ed3b0971c931c926a251ad0acf132e18418b2fdecf1beb4bbd08bdb0f7b3c6fad2ef422f6c06d3df236c7822afe6b7ed87be46d8f0455fcd6fdb154ed43666decebad5bbaa2e772edf67531bbd1a347f98f39d7fa0af0049f6837245bbaf9a8d721b2f331e56eb421e22d45a5b420f38332e74988c00bd681d4f71eb56e52eaaab91c64e6c46a49b650c95a35a0958cebe38c80d7fbdbee7f0bd23ce77d80f7b7dcfe17a479cefb024b40ea84915ab8e974a55b6db25365b518dc2986ad1ad649ce3471c645a77cdccab3ace9f5e445294a8bbbc326bd04ad4e251cf83c7c2cf37700407655b25ac5877449aa5427407da7612e392639acd44a35a159e292e184188ff54d7f85bf37fe88966cd76bcf5ff71c8a5394644226622a4ef1320dcce1684e31a4be7fe836fb49d99b7b45eb66f2a8b83c837b8d2c6f35ebd1fe62c6347ea038f45996a6c4ebb775b512b90ea34e663cad7a10f297acb4ad483ce1265ce93ee8d2ed2ac6458171c7a5373d5349e88993bc535bbc656b4e3193f99fa8e8dd8976a1a17e63fb87004b2dca6bb46b5e934b7d685bd0a1331d6a4674a9484124ccb3dcc90e34b13b61db5f6ac5f4a91dbe384287533a2d7e9b554b44e9c294d4926cd5825e8512b19ee67003bbc53fd51ddaf29ff6ab7e89d11af7cc49faacd74d3f607d18b995b7f59daafc52a2262175c4a4b6bdf9a8d1fbbd1a4c938cef739cff00c3cdc405022e0d956d6a8f61daf2697508339f75d9aa904a8e4834924d084e38a8b8e50624bef678df5a5de845ed87bd9e37d6977a117b60369ef91b63c1157f35bf6c3df236c7822afe6b7ed8a22f9b653675e33e8289472931777878d1a0d5a9b4af9b278f858e7ee08e80da5b9526a8d74522a8fa16b6614d6642d28c6a5250b2519167bb8216fed076d942bbac7a8d0a1d3aa2cc895bad2b792824169710b3ce1467cc9314ed029855ab8a974a53a6c94d96d4637093ab46b592738eee322f4f7b3c6fad2ef422f6c073d0b37647b48a66cfbaf1d72892e472edc6ef93124f4e8de673a8cbe7909c7bd9e37d6977a117b61ef678df5a5de845ed80b4ec7bda0df9447aa94f8d263b4d4854734c824928d4494ab3c0cf8616424e223b3bb191605befd29b9ea9a4f4a549de29adde32942718c9fccfd44b800000000000000000000000000000000467683f21ea3f85e91024c233b41f90f51fc2f48801260000000001894ff8ba7c432c6253fe2e9f10cb00000000000018950f8babc432c62543e2eaf100cb000000000119d9f7c87a77e2fa4589308cecfbe43d3bf17d22c4980000000000000000000000000000000073ff0054d7f85bf37fe88e801cff00d535fe16fcdffa20241d4e3daf2a1f6ab9e89a1506db7b6f577f2ffdbb62dfea71ed7950fb55cf44d09a56766967dc1557aa954a2b7266bfa778e9bae24d5a52492e04a22e6222fb80716090589db0edafb562fa548ea5f71bd9ff00d5c6bfaeefb63ef0b65163d3a7c69d1282db52633a9799709e74f4ad27949e0d58e0644030b6dbda86bbf97fee1b1507538f6c3a87d94e7a5685bfb6ded435dfcbff0070d8a83a9c7b61d43eca73d2b403a7c41af2d955bf7cd5daa9d55d9e87da60a3a4a3ba94a749294ae6349f1ca8c4576ef795c1697583ac5515c3e53ca37da5b42b5e9dd69f8447cda8fca373b12b96b174d9932756a6aa5c96ea0b652e29094e104db66458491173a8fca02676cdbb0ad4b7a2d129ea7951636bd06f2894bfda59acf26445dd51f706dc735ed53695785bfb49ab52e975a723426373bb689a6d449d4ca147c4d267ce66621deec9b40fac6eff0041af6005ad736c22d2a45a958a9c67ea86fc382f486c96fa0d26a420d4592d1cd921cde3bde6c38f5181260cb6c9d8d25a532eb66665a90a2c28b25c789198a736a9b34b3edfd9bd5aa94ba2b71a6b1b9ddba4eb8a34ea79093e06a32e6332010bea71ed8750fb29cf4ad0b336c9b44ad583d65eb437117cb77fbde52d9ab1a3778c6145f3cc734dbf72d62d69eb9d459aa8925c68d95389425594199199614465ce92f20fbdc7795c176f26ebed4573392eadcea6d09d1ab1abe09173e92f200ea4d91de753be6d49553aaa2321f6a72e3a4a3a0d29d2486d45c0ccf8e54639fb6dbdb7abbf97feddb1a4b7efeba2d580e41a2559712338e9bca6d2da1595991119e54933e6497906a6b359a85c1557aa954927266bfa778e9a4926ad29249702222e622201803a72a3b19b66d0a64bb9a9af54553e8ecaea1192fbc95366e34937124a2249199652592c9701b0b4b65163d46cca14e97416dd93269f1de75c379d2d4b5369351e0958e26662cb9b0e3d46049832db276349694cbad99996a428b0a2c971e2466028bd9ced9ae6baefda6512a0cd393164ef759b2ca92bfd9696b2c19a8fba92ee0bf044e8db34b3edfaab354a5d15b8d358d5bb749d71469d49349f03519731997de25802257b6cee8d7f721ebbb9311c8b79bae4ce2539d7a739ca4fe610897bddeccfa455fa423d816d000e2ada35bb0ad4bf6a744a7a9e5458dbad06f2894bfda690b3c991177547dc125a56ddeeda3d2215323314b3621c74476cd6c2cd46942492593d7cf821d0959d9a59f70555eaa5528adc99afe9de3a6eb8935694924b81288b9888bee1c8b76c28f4ebcebb062364d468d5090cb4d9199e9425c5124b27c7811100c2a5d45ea3d5e154e3120df86fa24364b2ca4d485128b25dec909bdcdb66b9aecb7a5512a0cd393164e8d66cb2a4aff6564b2c19a8fba92ee0e82f71bd9ffd5c6bfaeefb621db54d9a59f6fecdead54a5d15b8d358dceedd275c51a753c849f03519731990085f538f6c3a87d94e7a56874f8e60ea71ed8750fb29cf4ad09e6ddef2b82d2eb0758aa2b87ca7946fb4b6856bd3bad3f088f9b51f94040faa3bb61d3feca6fd2ba2dfd8976a1a17e63fb87044766546a7ed4edb915cbd63155aa4c4c5446df7146d9a594a10b24e10692f84e2cf38cf110bbeef2b8367f79d42d8b5aa2ba751616ef93c543685937adb4b8ae2b2351e54b51f13ee80d8dcdb77bb68f75d6299198a59b10e73d1db35b0b351a50b34964f5f3e0848ae6d845a548b52b1538cfd50df8705e90d92df41a4d4841a8b25a39b2439de6cc91519f2674b70dd9325d53ceb86445a96a3ca8f05c389998ed7befb5e5cbf654af44a01c402e0ea71ed8750fb29cf4ad0a7c6dadfb96b16b4f5cea2cd54492e346ca9c4a12aca0cc8ccb0a232e749790074b6d936895ab07acbd686e22f96eff7bca5b356346ef18c28be798ab7df1179fd1e91d1d7ed8815c7795c176f26ebed4573392eadcea6d09d1ab1abe09173e92f20d100dbdcd714dbaee1955ba82594ca93a35932934a3f650482c1199f7125dd1a81d29b2bd9a59f706cde9354aa515b9335fdf6f1d375c49ab4bcb4970251173111098fb8decffeae35fd777db0116a8ec66d9b42992ee6a6bd5154fa3b2ba8464bef254d9b8d24dc4928892466594964b25c069b673b66b9aebbf69944a8334e4c593bdd66cb2a4aff0065a5acb066a3eea4bb82f49b0e3d46049832db276349694cbad99996a428b0a2c971e24662aabeecdb7f67f66542e7b5a9c8a756a16ef93ca438b59b7adc4b6ae0b3349e52b51712ee80dfed72f3a9d8d6a45a9d291196fbb3911d452106a4e93438a3e0465c729214c7be22f3fa3d23a3afdb10ab82feba2ea80dc1add5972e336e93c96d4da1385911911e52923e651f944fb61166dbf76f5ffafb4e44ce4bc9f73a9c5a746adeeaf8265cfa4bc802ded91de753be6d49553aaa2321f6a72e3a4a3a0d29d2486d45c0ccf8e54627c3536fdb547b5602e0d1212624671d3794da56a565664446795199f324bc836c00000000000000000000000000000000233b41f90f51fc2f488126119da0fc87a8fe17a4400930000000000c4a7fc5d3e21963129ff174f88658000000000000c4a87c5d5e2196312a1f17578806580000000008cecfbe43d3bf17d22c49846767df21e9df8be91624c00000000000000000000000000000000282ea9669c77b18ddb6b5e395e749671fee45fa00385e0d4ee1a5b0a629f3aa911952b59b71dd71b49ab0459c11f3e08bc8327b25bbfc375ce96efac76f800e20ec96eff0dd73a5bbeb0ec96eff000dd73a5bbeb1dbe00386a5d66e59f15716654aad263af1ada79f7168560f259233c1f1223164f53ab0eb5b419ea71a5a0bad4e1654932ffd56874e000a0baa59a71dec6376dad78e579d259c7fb91bfea756d6d6cfa7a5c42907d7570f0a2c7fe9342de001c89b6a8efaf6b95c521971493dc71249997fb86c4079249fa3bbe618ef9000101db5214e6c8eb89424d4a3dc6088b27fefdb13e001c0dc924fd1ddf30c5dfd4f3418151ec8faed4a8d2777c9b77caa3a57a73bdce35170e62f210e8a001cb5b7ca346a7df509aa5d35a8cc1d31b52911582424d5bd7789924b19c117908557c924fd1ddf30c77c800e1d66bf754761b618abd65a69b49210da24ba94a52458222223e04443df64b77f86eb9d2ddf58edf001cb1b20ae5c7336a546627d52aafc55eff5b6fc871483c30e19648cf1ce443a9c000000000712df31a42b68372292c3a6475594646483e3fbd50eda0001f0970e2cf8cb8d32333263af1ada7904b42b0792c91f03e2447f70fb800a6f6dd4f66dbb321ccb6e1b74b98ba821a5bd4d6898714d9b6e19a4d4822334e5293c73648bbc39dea136b956ddf5ca554666eb3bbe52e2dcd19c671ab38ce0bc83bb000543d4eadadad9f4f4b88520faeae1e1458ffd2685952edba14f94b95368b4e932178d6ebd150b52b0582c99964f81110da000e22bd29eb62fab85a8f114db08a9c94b686dbc2529275582222e04581b7b4ab5724fbce850e7d4ead221c8a84769f65f90e2db71b538925254933c1a4c8cc8c8f8190ec600156ed7ed8a243d96d65f8143a7b1291b8d0e3111095965f6c8f06459e6331cb1c924fd1ddf30c77c800e75ea79a0c0a8f647d76a54693bbe4dbbe551d2bd39dee71a8b873179086936f9468d4fbea1354ba6b51983a636a5222b04849ab7aef13249633822f210ea500100d8aa148d91d0d2b49a545bfc91960ffdfb827e00038f2cbb82e97efab79a9158acb8c2ea7192e21c92e9a5493753923233c196075e4b87167c65c699199931d78d6d3c825a1583c9648f81f1223fb87dc00523b7cb76954fb160bb4ba3438cf9d49b4a97162a50a34ee9dc919a4b38c9179085034f9b5ca4ef3adb2aa30f7b8de726716debc6719d38ce327e51dd8002abd81cea9542c59aed5254b92f954dc4a5729c52d449dd35c08d5c71933f298b500000000000000000000000000000000000467683f21ea3f85e91024c233b41f90f51fc2f48801260000000001894ff008ba7c432c6253fe2e9f10cb00000000000018950f8babc432c62543e2eaf100cb000000000119d9f7c87a77e2fa4589308cecfbe43d3bf17d22c498000000000000000000000000000000000000000000000000000000000000000000000000000000000000000000000000000000000000000000000000000000000000000000000000000000000000000000000000000000000467683f21ea3f85e91024c233b41f90f51fc2f48801260000000001894ff008ba7c432c6253fe2e9f10cb00000000000018950f8babc432c62543e2eaf100cb000000000119d9f7c87a77e2fa4589308cecfbe43d3bf17d22c498000000000000000000000000000000000000000000000000000000000000000000000000000000000000000000000000000000000000000000000000000000000000000000000000000000000000000000000000000000000467683f21ea3f85e91024c233b41f90f51fc2f48801260000000001894ff008ba7c432c6253fe2e9f10cb00000000000018950f8babc432c62543e2eaf100cb000000000119d9f7c87a77e2fa4589308159d416ea36ac294a9f50614bd7fbb61f3420b0b51702c70e61bdec4d9f0ad5fa59fa80480047fb1367c2b57e967ea0ec4d9f0ad5fa59fa80480047fb1367c2b57e967ea0ec4d9f0ad5fa59fa80480047fb1367c2b57e967ea0ec4d9f0ad5fa59fa80480047fb1367c2b57e967ea0ec4d9f0ad5fa59fa80480047fb1367c2b57e967ea0ec4d9f0ad5fa59fa80480047fb1367c2b57e967ea0ec4d9f0ad5fa59fa80480047fb1367c2b57e967ea0ec4d9f0ad5fa59fa80480047fb1367c2b57e967ea0ec4d9f0ad5fa59fa80480047fb1367c2b57e967ea0ec4d9f0ad5fa59fa80480047fb1367c2b57e967ea0ec4d9f0ad5fa59fa80480047fb1367c2b57e967ea0ec4d9f0ad5fa59fa80480047fb1367c2b57e967ea0ec4d9f0ad5fa59fa80480047fb1367c2b57e967ea0ec4d9f0ad5fa59fa80480047fb1367c2b57e967ea0ec4d9f0ad5fa59fa80480047fb1367c2b57e967ea0ec4d9f0ad5fa59fa80480047fb1367c2b57e967ea0ec4d9f0ad5fa59fa80480047fb1367c2b57e967ea0ec4d9f0ad5fa59fa80480047fb1367c2b57e967ea0ec4d9f0ad5fa59fa80480047fb1367c2b57e967ea0ec4d9f0ad5fa59fa80480047fb1367c2b57e967ea0ec4d9f0ad5fa59fa80480047fb1367c2b57e967ea0ec4d9f0ad5fa59fa80480047fb1367c2b57e967ea0ec4d9f0ad5fa59fa80480047fb1367c2b57e967ea0ec4d9f0ad5fa59fa80480047fb1367c2b57e967ea0ec4d9f0ad5fa59fa80480047fb1367c2b57e967ea0ec4d9f0ad5fa59fa80480047fb1367c2b57e967ea0ec4d9f0ad5fa59fa80480047fb1367c2b57e967ea0ec4d9f0ad5fa59fa80480047fb1367c2b57e967ea0ec4d9f0ad5fa59fa80480047fb1367c2b57e967ea0ec4d9f0ad5fa59fa80480047fb1367c2b57e967ea0ec4d9f0ad5fa59fa80480047fb1367c2b57e967ea0ec4d9f0ad5fa59fa80480047fb1367c2b57e967ea0ec4d9f0ad5fa59fa80480047fb1367c2b57e967ea0ec4d9f0ad5fa59fa80480047fb1367c2b57e967ea0ec4d9f0ad5fa59fa80480047fb1367c2b57e967ea0ec4d9f0ad5fa59fa80480467683f21ea3f85e9103edd89b3e15abf4b3f50d15e3416e9d6acd9499f507d48d1fbb7df35a0f2b49712c71e7013d0000000001894ff8ba7c432c6253fe2e9f10cb00000000000018950f8babc432c62543e2eaf100cb000000000119d9f7c87a77e2fa4589308cecfbe43d3bf17d22c498000000000000000000000000000000000000000000000007e0fd1f27a4351db35bce25092e266a3c1011133d21f501a555dd6fa546475786465fff00727d63f3b2fb7fc2f0ff00ac9f588f157cdb79197e99fe1bb01a4ecbedef0c42feb27d61d985bde1787fd64fac38abe67232fd33fc3760349d97dbde1885fd64fac3b2fb7fc2f0ff00ac9f587157cce465fa67f86e87e8d215dd6f99e0aaf0f3ff00bc9f58dac794c4a6c9c61d43883e6349e48c662d13d91b63bd7ada367d800065000000000000000000000000000000000000000000000000000000000000000000000000000000000000000000000000000000467683f21ea3f85e91024c233b41f90f51fc2f48801260000000001894ff008ba7c432c6253fe2e9f10cb00000000000018950f8babc432c62543e2eaf100cb000000000119d9f7c87a77e2fa4589308cecfbe43d3bf17d22c49800000000000000000000000000000000000000000000007cdf790c30b79c51250849a8ccfb844281baae79770549d353aa4c44a8c9a688f0582e633ef98baee9332b56aa64783288eff00f431ce829eaef311110f4be8f69e97b5b25a3ac0003ecd4490f467a436d294cb38de288b8273cc2846f2f556e1ac6f2f8800b3e8b6141afd9b0a4ea3626292a3de278e7f68f9c84f1e3b5e76855d5eaf1696b16c9da67656002c06f651522528df9d19082eea727c3c82275ca7c1a64c38b1269cb5a0f0e2c938491f78bbe336c57ac6f2c60d769f3db871ceff00b3563756e5c732dea836eb2ea8d8357ef1a33fd932eef0ef8d280856d359de163361a64a4d6d1d1d3919f4498cdbed9e52b49288ff00918fb0d45b06676cd3ccff00809ff90db1fc131d989de377cdb25786f35f262b75186ea9f4a24b4a36383a44a2fd8f1f7b981aa9c2794496e534a529bde9112cb8a3e778bf98acd4cbd08ee0abb095289339f62420bfe26cd29c1fdc67fa98c036e52e1a13192b374e80df04f3e35ab2354e498f92f57455b444c596bc7acd3a548e4ec4d61c7b8fec216467c39c7de4cc8d09095c9790d254649235a88b27de1a4a048b79688edd3ce293e4dfec9248b591638e7ba23d782a456ab4ba74782ecb6623266bdd991697145fb27c7bc5c7ef129bed5dda31e9e2f9783b42732ea50e0252a9525a6495cc6b511647c9badd31d412db9cc2926b26c8c9658351f3178c57dca9aa8314e9f3a7c48f3e336b8cf3334b246a232233c77f87ea3165d4573111d94b514db62a91f4bd1538439ddfd04672b7574513d375a6b9b19129b8cb7d097dc2334366a2d4a22ef10fb8aa2a726a13a7c9ae44a7bee145788e3be932d2486f24b2efe0ff006859f025b73a0b129a3ca1d412cbef213a5f8a5a33e9f95113befbb240004d58000000000000000000000000000000000000000000000000000000000000000000000000000119da0fc87a8fe17a4409308ced07e43d47f0bd22004980000000006253fe2e9f10cb1894ff008ba7c432c00000000000062543e2eaf10cb18950f8babc4032c00000000046767df21e9df8be91624c233b3ef90f4efc5f48b12600000000000000000000000000000000000000000000001a7babe49d5bff0088efff00431cea3a2aeaf92756ff00e23bff00d0c73a8a1acef0f57e8e7bb7fd9994ea54eab482621465bcb3f9a5c0bc662ebb6ad166996c2a9f310871d9093391de333ee7dc2b0a45f751a3309663c789bb2fff00af067e412689b599066497e93abf9b4e71f263fea31827157acf74fc569adcdecd636ac7dd06b8a88f502b2fc17726849e5b59ff00c493e631755a6e3506caa7b8f2d2db69609466a3c11774406f0adc2b9a94874a9f3234a6545bb5b8df0567869c918f9c666b577d3e35323becc58515b4b4a42dcfda51a4b066645c7b9cc254db1de787ab56ab8f55a6a466f676ef2fdbcf680ed494e40a538a6e217ecadd2e06e78bbc4208db4e3cbd2db6a5a8fb892c8b7e99b2ba647d2b9afb9295dd2f829fff00dfbc4be050e9b4d4914486d378ee924b3e5199c17c93bde51a78b697474e5e9ebbfdd47c3b2ab72d953ea8a71d8496a538f1e9222eff007c47d64495a924a25111e08cbba2e1da7d74e052514c60f0ecbf8665dc4173f979bca29d15f352b4b70c3ade1da9cda9c53972748f93a2ed7f9334effd84ff00c86dcf986a2d7f9334effd84ff00c86d55f055e21d3afbb0f0f9fe2dbf32d7373e90ec85c36de8ca756a3d6d9196547ddc9774c66222b0da894865b499274919248b05def10e7d9735da75dd226327fb6ccb52cbf9fed0bfa9b35aa8d39896cab2dba82511f8c6ac5962f331e4bdafd0db4b5ada2778b3d3706234e9bcdc7692e7ce4a088fca319151a5a672e3b6fc7294b56149232d4a3fe63f2bf54451e8b266af1fbb419a48fba7dc2f28a46d479c917bc17dd51a9c71f35a8cfba66466633932c52d15f36347a1b6a315f2cced1585ecba6c17546a5c465466793336c8f898f4983112824146689247a892482c11f7c7b7e435163a9e79c4a1b41654a51e088842276d4e9119e36e333224911fc3424893fa989dad5af755c5833e6f871329c223b2db5ba43484b7cda48b05e41f379d8b4d866e38a6d88ed9713e094a447a857ed1eb8f263a16b6242b99b78b067e2ee0fa5fe79b26a3ff00e29ffec41c71c3c50cc69f2466ae2c9131bcc333b2ba1f84e37f5087b6ee7a2bce121ba947528f9889c21465b5415dc755e42dbc4d2b766bd4659e6322ff00a8d8dcf644cb6a33729c90dbccad648ca48c8c8f07dcfb8568cf79af16dd1dabf84e96b9630ce4f6a57ba1697124a4288c8f98c87a15aeca6af2a5333603eb538db0495366ae26923ce4bf42126b8ef3a65b986df529c90659265be2ac7f3ef0b15c9134e29723368b263cf382b1bcc24802bfa76d52992a4a59931dd8c4a3c138ac1a7ef05ed4e026a0715309f561cdd92c8d383e38cf38c73a9e694f86eaa2769a4ac001a0b96e766dba7b32de61c752e28924946325c33dd1a58bb4ea53d01f94f34eb3ba51252d9e0d4b33cf360ff9094e4ac4ed32d54d1e7c94e3a57784e00cf0467de15ec5dac531d90487e24865b33ff7864478f191189d312989b08a447712e34e27525493e06415c95b769633697360db995db74598da4d15f9cdc4413fbc71c26d396f864cf02624792231ce34cf94f0ff00f988ff00ee42f0b8ee8876d416de904a71c599121a47c257f31ab1659b44cdbe4e8788787d715e94c31333686fc043adebed171d40a2c5a6c82491656e28cb4a0bf9f11301bab68b46f0e666c37c36e1bc6d2fd000126a00000000000000000000000000000000000000000467683f21ea3f85e91024c233b41f90f51fc2f48801260000000001894ff8ba7c432c6253fe2e9f10cb00000000000018950f8babc432c62543e2eaf100cb000000000119d9f7c87a77e2fa4589308cecfbe43d3bf17d22c498000000000000000000000000000000000000000000000069eeaf92756ffe23bffd0c507475c0454d9eb9b6a5c433c2f49e0cbf98bf2eaf92756ffe23bffd0c73a8a3ab9dad12f51e8fd78f164aefdd7d53acdb64d86df8f05a75b591292a33351197de364ec3a3d1a22e42e3c761a6d39356822c0d2d84b4c0b0e2bf29cd28c2d666b3e094ea3c7e82bbbd6f176e19671e3294880d9fec9736f0fbe636daf5a52276eb2a1874b9f53a8b63e299ac4f59486975076f7bc9b525068a5413de25bc6351ff00c267f7f1fb86ab683457a835e2a94152d96a49e7520f1a57ddf2f3f944d766f45eb65b8890e270f4bfde1ff24ffc25e4e3f78dddcd446abf437e12f04b32cb6b3ff8545cc631cb9b63ebdd38d6d306b386bee474ff00d55944da65569c696e6a4a6325c32678597dfdd163516f7a35689296e4134f1ffe93bfb26287931dd8925c8ef20d0eb6a34a927dc321f323323c91991973190ad4d45e93b4f577351e0da6d4471d3a4cf92f4beedd4dc143538c111cb8e5ada32ff8bbe9fbc5166934a8d2a2c1970323ee09151ef7ad51f08448dfb1dd69ee258fe47ce43595a9b1aa3527264660d827bf696de7244aeee3f9066bd726d68ee78769b3e938b0dfad7e52beed7f9314effd84ff00c86d97f015e21a9b5fe4c53bff00613ff21b65fc05788746beec3c6e6f8b6fca8b814b4d66f0ab42322d4bdf6833ee2b3c04bb65f575a5a954394664ec659a9b49f39167897dc7ff0031a5b3b8ed3667ff0093dff31f7bad972d2be23d6e3a4f93c93cac8bbfcca2fbf9c53a7b31c7f77a3d54f3edeab3f3ac4c7e599b49a83b51a9c1b7621e5c7144a708bf9f311fea6342c406a97b538d099f80cadb497f3fdd1711b7b062bb5fb9e75c32c8cc92a32467be7dcfb8b0312776e8fc647a2219b7b5b5fce51c33cae2d347fd693bfe5b1dabd59d6da894c6d46943846e398ee91731092db966532994a650fc56dd92a411bab5a7266aeefdc22db58a63aae4551424cdb491b6b32ee67890995bd74d3eb14a65ee50da1ed244e36a560d2aee8d95db9b3c4a3966f1a1c7c9edd77dbcd06da3db5169288f56a7a37066e121694702cf391977b986e2a35272adb237653c79754d24967df32511646b369971459ecb14984e13cb27096b3471223e622fd46ca7d35ca5ec89d8cf161d2692a51778cd447811e9c56e1edb2c4714e1c1cdf7b8a36f3d95950ea151a64f3914c23391a0d27846afd9c9773c8332bd5eaed59969aaaa964d255a92936f4967bffa8cbb06ad068d5f724cf7090c9c75208ccb3c7524ff00e862497c5df43aad0570a161d7d6a49a5448c68c1e4cf3e2e1f78af58ff8fdefd9d7cd92d1ac888c3bf6f69b9d9e334a874090fc191bf7d5c5f332c19191702c77855921722e0b8d5a9797a53fa48cfb993c17e8255b2d6643b559e49d5c98e3695f7b519969fd3508abc99140b8d5a918762bfa888fbb83c979484af3be3af934e9b1f06af3444ef6dba2cc736574ceb59a10f3dca8919274cf819f8bbc2ab6995c7ab21870bf6db7c927e3250b61cda8d27ad46e212e9c9d38dc9a7bbe3e6c0a9db79726ae87d7f0dc7c967e335643372f78e03c33d6f6c9eb1bedf75a5b53f9370bff0078bffa988a5836a46b8e4c97661a8d88f82d093c6a33eff904af6a7f26a17fef17ff005318fb20f8bd53ff00cd1ff231b2d58b6788952c396f8bc2ed6a4ed3bffb47effb462dbab8f2212944c3e6693428f3a4cbbc259b2c94ebd6e49616a334b2e19233dc232c8c7daeff00fc6d3fff0078ff00e43d6c9fff00e127ff00eeff00d066b115cfb4319725b3785c5f24ef3bff00b56319f4c6ae33217f01a9295abc44ac8d95426d42f4b8d24da14a538ad0d37dc427be7ff331ae8ac224d75961c2ca1d929428bf91ab03673e2542c9b952a69464a6cf534b3e65a4fb87ff00215a37dbaf6dddbbf071470fc4e1e8b9ad9b7a3dbb4b44668894e1965d731c54a1ba1a6b6ee08d70d2d129932259161c6f3c52aef0dd0e9d36e1f67b3c36a399ccb737def9800024d2000000000000000000000000000000000000000008ced07e43d47f0bd220498467683f21ea3f85e910024c0000000003129ff174f88658c4a7fc5d3e2196000000000000312a1f175788658c4a87c5d5e20196000000000233b3ef90f4efc5f48b126119d9f7c87a77e2fa4589300000000000000000000000000000000000000000000000d3dd5f24eadffc477ffa18e751d177424d56ad55292c99c47488bfff00031ce9cc6286afbc3d5fa39eee48fc24b5bba1c9547854586a34c38eca10e28b86f5445c7eec8c1b6290aae57e2c2c65b356a70ffca5cfeafbc6a0496d7b918b699932111f7d39dfd846782509ff00fe8d15b715e26fd9d7cb867069ed4d3c759ff6bd56ec7851894e2d0d3482e733c1110f9c2aa42a8b7ae2c969d4ff009544639fab171d52b8e9ae6ca5293dc6d3c105f70c18b324c2749d8b21c6565ff121581667571bf48e8e157d1dbcd37b5fda4ff6a36f727948acb08fddbbfb0f60b995dc315c898377fcc954c769b59653323ba9d26b2fd9597f3ef67c822078d4783c96780ad9a6b69e2abb7e1b8f3e2c7cacdf2ed3e70fc0001aa1d1b7697455aff2669dff00b09ff90db99648c86a6d849a6daa791960f709ff0090db8ecd7dd87ccf3fc5b7e6513a4d90c52ae376b0896b5adc359eecd3822d47df1b2b92dd8f7253b923eb36f0a2525692c9a4c86e406229588d929d4e59bc6499eb0d5dbf438f6fd25b811ccd44933352ccb8a8ccf3931a97ac961ebbfb20396b2735a57bad3c382493cff709580cf046d11e4c575196b69bc4f59eec7970e3ce8ab8d25a4bacacb0a4a8b81880cdd93c45bea7214f763a0cfe01a7563c47c058c0316c75b7784b06ab360f876d90ea06cee97457d325c52a5c849e52b70b824fbe45df1bfae52515ba33f4e5b86da5e222351164cb0647ff0041b11f1946e94756e56da1cc91254e7c1e708a562368862fa9cb7bc64b5b79857bee450fc24f79843d37b23824b2372a0fa93dd224917ea36f50b86a50244f656ec152e3328710444795a9466449e7e7e05e51f09d76ce84f48612a61e7a3b7adcd0d2b4a4f9b19cf7f808f231f92cff0095d5fd6925228b02830793c2689b4171528cf8a8fbe663535fb429175a132496487b18290c991e7f91f7c7c64576b2d25d59b71090c3693599f1de2cf1fbb22cf03c18c3a7cda8479eb5465c66999b29d4eed447a104da7f69c2ef64c8b22734acc6d31d156ba8cb4c9ccadbdaf363d3b653022c94bb2e63925093c937a3491f8f898f4bd96435540e5267b89cb9bc24120b05c7381952ae9abb0db4e37152e36f389432b265444e64fb9c7bdc46e289549f5192fb7249b6571d444f326d992cb25949f3f31887269e4b13e27aa99de6e5cb6c357253d986ec853296d64a2524b39e181f3b52d366d66e4a1a92b789f3499ea4e318cfac7dea752911ce72a3ca865c95b25a9b708f5119a7245cfdd1874daad667c97d952a1b3b94b5ab5255f0d68d5a79f9c88c84f82bbf17cda3d672f2b95bfb3e4fbdd56b3574478ecbb214c932b3511a539cf0c0c6a1d1e9f65c190cb93c94970f7866e608c8b9b38ef0f83f70d5199d262139054f352196104447fb7af193e7ee0d75d334a6c4e44fcc88b7f7c964d4cb6ad48c9e1583f167241c15e2e2f99eb39795cadfd9f27ec6d97448f51666a6a2ea8db749d22d0583c1e448ae5b5a25cb090c3ea36dc6cf287525c4bbe5e21eed8992a75289e794da99251b6ca904795252669d479efe068e5ddf3a2bf513ff00b329a8c6a264f42b0f1963244ae6c967f4188c7588db64edadcf6bc5e6dd63b3ef6ed89d8e5479546a9baa49961c69482d2b21301a9a854a440a0aa61934e3e7a12d9233a54a5a8929ff0098db16749679fbb819ad62b1b43566cd7cd6e3bcef2fd000126a00000000000000000000000000000000000000000467683f21ea3f85e91024c233b41f90f51fc2f48801260000000001894ff8ba7c432c6253fe2e9f10cb00000000000018950f8babc432c62543e2eaf100cb000000000119d9f7c87a77e2fa4589308c6cfb85914f2ee91ba47fcbf78a12700000000000000000000000000000000000000000000001e1d6d2f34b6d69234a8b0647dd2143ddd694ca0d45d5a1a539096a336dc22ce33dc317d8f0b6d0e24d2b49288f9c8c86acb8a3246d2bfa0d7df477e2af589ef0e603e07c40747aadea3ad46a5d3222947ce66ca78fe83f3b1ca2f82a1ff413ea15bd4feeedfea38fa3fb73880e8eec728be0a87fd04fa83b1ca2f82a1ff413ea0f539f33f51c7d1fdb9c40747763945f0543fe827d41d8e517c150ff00a09f507a9fdcfd471f47f6e71e7120b62d59b70541b4934a4444a88dd754582c778bf98bbd36f5190a234d2e19197319309f50d821b434924a1094a4b9888b0255d2444ef32d39fd21b5e935c75da5e586511d843482c250924917f221f51f802e3cdccef3bcbf400000000000000062d420315382ec39293534e171c1e0c8fb8647dc3231940022d1ed24b74c8f15c361c75b94875720d266e3884ab560ccf8e4f0443e550b20a5c94b8dce5a5a4be6eeecd3dc52894b4eaee91e3984b8004665da2972b4f54e2ca261d7b0a5129ad7a54458d49c9e08fee31ea15ae6c9466e43e4eb6d437183c739adc511ad7fa0920008af63555df42575e12a44225132936398f18499f1e278c8dcd2e97d6fdfbcebea912e4a894f3ca2c670582222ee1110d88008ed4ed4667563ae8cbe4cc952492bd6d93893c731e0fba3e6c5a49551e6439b2dc79f9125720a524f4ad267c127c3ba444424c002390ed84b08a5ef11189d88e1b8e38841ea74f0644793e39e39e71f3a75b52e2371997a532e330b5aa3610646a5991912967dd3e2624e00306914f2a5d1a2c0d5a8d96892a517fc47dd3f2e4475cb3a4becc584e4e4a224652f42da23271485fc249f738f7c4c0006b2a14ae568a732da89b622c843aa41f1d44823d25e5c1fdc3660000000000000000000000000000000000000000000000000233b41f90f51fc2f488126118da0f1b22a05dd33688bf9fef12024e0000000003129ff00174f88658c4a7fc5d3e2196000000000000312a1f175788658c4a87c5d5e20196000000000225417d340accca04a3d0dbaeaa44159f04ad2ae26823ef918968d7d5a8d0eb510a3cc6ccc927a90b49e16d9f7d27dc31a74d2ee9825bb85588b29a2f83cb5a3d445deca79fc602500233babdbe9343f31d0dd5edf49a1f98e8093008ceeaf6fa4d0fcc743757b7d2687e63a024c0233babdbe9343f31d0dd5edf49a1f98e8093008ceeaf6fa4d0fcc743757b7d2687e63a024c0233babdbe9343f31d0dd5edf49a1f98e8093008ceeaf6fa4d0fcc743757b7d2687e63a024c0233babdbe9343f31d0dd5edf49a1f98e8093008ceeaf6fa4d0fcc743757b7d2687e63a024c0233babdbe9343f31d0dd5edf49a1f98e8093008ceeaf6fa4d0fcc743757b7d2687e63a024c0233babdbe9343f31d0dd5edf49a1f98e8093008ceeaf6fa4d0fcc743757b7d2687e63a024c0233babdbe9343f31d0dd5edf49a1f98e8093008ceeaf6fa4d0fcc743757b7d2687e63a024c0233babdbe9343f31d0dd5edf49a1f98e8093008ceeaf6fa4d0fcc743757b7d2687e63a024c0233babdbe9343f31d0dd5edf49a1f98e8093008ceeaf6fa4d0fcc743757b7d2687e63a024c0233babdbe9343f31d0dd5edf49a1f98e8093008ceeaf6fa4d0fcc743757b7d2687e63a024c0233babdbe9343f31d0dd5edf49a1f98e8093008ceeaf6fa4d0fcc743757b7d2687e63a024c0233babdbe9343f31d0dd5edf49a1f98e8093008ceeaf6fa4d0fcc743757b7d2687e63a024c0233babdbe9343f31d0dd5edf49a1f98e8093008ceeaf6fa4d0fcc743757b7d2687e63a024c0233babdbe9343f31d0dd5edf49a1f98e8093008ceeaf6fa4d0fcc743757b7d2687e63a024c0233babdbe9343f31d0dd5edf49a1f98e8093008ceeaf6fa4d0fcc743757b7d2687e63a024c0233babdbe9343f31d0dd5edf49a1f98e8093008ceeaf6fa4d0fcc743757b7d2687e63a024c0233babdbe9343f31d0dd5edf49a1f98e8093008ceeaf6fa4d0fcc743757b7d2687e63a024c0233babdbe9343f31d0dd5edf49a1f98e8093089579f4d7eb5128114f78db4ea644e59714a129e24833ef998faaa9774ce2ddcdac458ad1fc2e44d1ea32ef655cde31b8a4d1a1d1621c786d99128f52d6a3cadc3efa8fba03600000000003129ff00174f88658c4a7fc5d3e2196000000000000312a1f175788658c4a87c5d5e201960000000000000000000000000000000000000000000000000000000000000000000000000000000000000000000000000000000000000000000000000000000000000000000000000000000000000000000000000000000000000000000000000000000000003129ff174f88658c4a7fc5d3e2196000000000000312a1f1757880006580000000001000000000000000000000000000000000000000000000000000000000000000000000000000000000000000000000000000000000000000000000000000000000000000000000000000000000000000000000000000000000000fc1fa00000000000003129ff00174f8865800000000fffd9);

-- --------------------------------------------------------

--
-- Table structure for table `categories`
--

CREATE TABLE `categories` (
  `category_id` int(11) NOT NULL,
  `name` varchar(100) NOT NULL,
  `description` text DEFAULT NULL,
  `parent_category_id` int(11) DEFAULT NULL,
  `image` varchar(255) DEFAULT NULL
) ENGINE=InnoDB DEFAULT CHARSET=utf8mb4 COLLATE=utf8mb4_general_ci;

--
-- Dumping data for table `categories`
--

INSERT INTO `categories` (`category_id`, `name`, `description`, `parent_category_id`, `image`) VALUES
(1, 'Programming', 'General programming courses and tutorials', NULL, NULL),
(2, 'Web Development', 'Web development courses including HTML, CSS, JavaScript, and frameworks', NULL, NULL),
(3, 'Data Science', 'Data science, machine learning, and analytics courses', NULL, NULL),
(4, 'Mobile Development', 'Mobile app development for iOS and Android', NULL, NULL),
(5, 'Cybersecurity', 'Cybersecurity, ethical hacking, and network security', NULL, NULL),
(6, 'UI/UX Design', 'User interface and user experience design courses', NULL, NULL),
(7, 'Cloud Computing', 'Cloud platforms, services, and infrastructure', NULL, NULL),
(8, 'Digital Marketing', 'Digital marketing, SEO, and social media courses', NULL, NULL),
(9, 'Blockchain', 'Blockchain technology and cryptocurrency development', NULL, NULL),
(10, 'Game Development', 'Game design and development courses', NULL, NULL),
(11, 'Office Productivity', 'Microsoft Office, Google Workspace, and productivity tools', NULL, NULL),
(12, 'Graphic Design', 'Graphic design, photo editing, and digital art', NULL, NULL),
(13, 'Finance', 'Financial literacy, investing, and trading courses', NULL, NULL);

-- --------------------------------------------------------

--
-- Table structure for table `certificates`
--

CREATE TABLE `certificates` (
  `certificate_id` int(11) NOT NULL,
  `user_id` int(11) NOT NULL,
  `course_id` int(11) NOT NULL,
  `certificate_number` varchar(100) NOT NULL,
  `issue_date` datetime DEFAULT current_timestamp(),
  `expiry_date` datetime DEFAULT NULL,
  `certificate_url` varchar(255) DEFAULT NULL
) ENGINE=InnoDB DEFAULT CHARSET=utf8mb4 COLLATE=utf8mb4_general_ci;

-- --------------------------------------------------------

--
-- Table structure for table `courses`
--

CREATE TABLE `courses` (
  `course_id` int(11) NOT NULL,
  `title` varchar(255) NOT NULL,
  `description` text DEFAULT NULL,
  `short_description` varchar(255) DEFAULT NULL,
  `category_id` int(11) DEFAULT NULL,
  `admin_id` int(11) NOT NULL,
  `price` decimal(10,2) NOT NULL,
  `discounted_price` decimal(10,2) DEFAULT NULL,
  `is_featured` tinyint(1) DEFAULT 0,
  `is_published` tinyint(1) DEFAULT 0,
  `level` varchar(50) DEFAULT NULL,
  `duration_hours` int(11) DEFAULT NULL,
  `thumbnail` varchar(255) DEFAULT NULL,
  `preview_video` varchar(255) DEFAULT NULL,
  `created_at` datetime DEFAULT current_timestamp(),
  `updated_at` datetime DEFAULT current_timestamp() ON UPDATE current_timestamp(),
  `external_video_url` varchar(255) DEFAULT NULL,
  `is_free` tinyint(1) DEFAULT 0
) ENGINE=InnoDB DEFAULT CHARSET=utf8mb4 COLLATE=utf8mb4_general_ci;

--
-- Dumping data for table `courses`
--

INSERT INTO `courses` (`course_id`, `title`, `description`, `short_description`, `category_id`, `admin_id`, `price`, `discounted_price`, `is_featured`, `is_published`, `level`, `duration_hours`, `thumbnail`, `preview_video`, `created_at`, `updated_at`, `external_video_url`, `is_free`) VALUES
(87, 'NMAP MASTERCLASS: Scan, Hack & Protect Networks (Zero to Hero!)', 'Nmap Masterclass: Unlock the Secrets of Cybersecurity & Ethical Hacking!\r\n\r\nWhat Youll Learn:\r\nBecome a network security expert with this step-by-step guide to mastering Nmap, the worlds most powerful network scanning tool. Discover how to:\r\n\r\nScan networks like a pro using stealthy tricks (SYN scans, UDP scans) to avoid detection.\r\n\r\nFind hidden weaknesses in systems before hackers doand fix them!\r\n\r\nAutomate boring tasks with scripts (Nmap Scripting Engine) to save time and work smarter.\r\n\r\nProtect networks by turning scan results into unbreakable defenses.\r\n\r\nCourse Features:\r\n\r\nHands-on labs: Practice on real-world networks and hacking challenges.\r\n\r\nAdvanced hacks: Learn firewall evasion, speed optimization, and custom scripting.\r\n\r\nBonus tools: Get cheat sheets, pre-built scripts, and a shiny certificate of mastery.\r\n\r\nNo jargon: Easy English explanationsperfect for beginners or pros leveling up!\r\n\r\nWho Should Join?\r\n\r\nIT professionals wanting to boost their cybersecurity skills.\r\n\r\nAspiring ethical hackers ready to hack ethically and legally.\r\n\r\nCurious learners tired of theory and hungry for real-world action.\r\n\r\nWhy This Course?\r\n\r\nLearn by doing: No boring lecturesjust labs, challenges, and results.\r\n\r\nJob-ready skills: Add Nmap mastery to your resume and stand out.\r\n\r\nLifetime access: Learn at your pace, anytime, anywhere.\r\n\r\nEnroll Now and:\r\n\r\nStop hackers in their tracks.\r\n\r\nBecome the security hero your team needs.\r\n\r\nUnlock a career in cybersecurityfast!\r\n\r\nClick \"Enroll\" and start your hacking journey today!', 'Join the Nmap Masterclass to become a cybersecurity pro! Learn advanced tricks to scan networks, find hidden security holes, and protect systems. Use secret scanning methods, automate tasks with scripts, and turn data into strong defenses. Practice with r', 5, 13, 1499.00, NULL, 0, 1, 'Intermediate', 1, '../uploads/thumbnails/1742839195_04bed5ea_ad00_4b36_8e44_1eb6c10b4fb4.png', NULL, '2025-03-24 17:59:55', '2025-03-25 16:27:53', 'https://www.youtube.com/embed/x4rFhThSX04', 0),
(89, 'Cyber', 'rrr', 'This video from Simplilearn is Based on the Complete Java Full Course 2022.', 9, 8, 1400.00, 50.00, 0, 0, 'Beginner', 2, '../uploads/thumbnails/1742893241_Blue_and_White_Gantt_Chart_Presentation.png', NULL, '2025-03-25 09:00:41', '2025-03-25 15:00:25', NULL, 0),
(90, 'SS7 Attack', 'SS7 Hacking: The Invisible Threat to Mobile Security\r\n\r\nSS7 (Signaling System No. 7) is the 50-year-old backbone of global telecom networks, controlling call routing, SMS, and mobile data. Designed for reliabilitynot securityit lacks encryption and authentication, making it a goldmine for hackers.\r\n\r\nWhy SS7 is Dangerous:\r\n\r\nCall Interception: Attackers silently redirect calls to eavesdrop or impersonate victims.\r\n\r\nSMS Hijacking: Steal 2FA codes, bank alerts, or private messages.\r\n\r\nLocation Tracking: Pinpoint a phones real-time GPS coordinates.\r\n\r\nFraud: Clone numbers, bypass toll gates, or charge premium services to victims.\r\n\r\nHow It Works:\r\nHackers exploit SS7 by sending malicious signaling packetsoften using cheap telecom gear or compromised carrier access. No physical access to the targets device is needed.\r\n\r\nWhos At Risk?\r\n\r\nBusinesses: CEO fraud, corporate espionage.\r\n\r\nJournalists/Activists: Surveillance risks.\r\n\r\nEveryone: 2FA bypass affects all mobile users.\r\n\r\nCourse Focus:\r\nThis hands-on training teaches:\r\n\r\nSS7s technical flaws\r\n\r\nReal-world attack simulations (interception, tracking)\r\n\r\nDefense strategies for individuals & enterprises\r\n\r\nWhy Learn SS7 Hacking?\r\n\r\nPentesters: Uncover critical telecom vulnerabilities.\r\n\r\nSecurity Teams: Defend against invisible threats.\r\n\r\nEthical Hackers: Master a high-impact attack vector.', 'SS7 Hacks Made Simple: Break calls, steal SMS & track phones and Many More. Master telecom hacking.', 5, 13, 1499.00, NULL, 1, 1, 'Advanced', 1, '../uploads/thumbnails/1743080660_6867f585_fe50_4fc2_bd10_42147e6e1953.png', NULL, '2025-03-27 13:04:20', '2025-03-27 13:04:57', '', 0);

-- --------------------------------------------------------

--
-- Table structure for table `course_sections`
--

CREATE TABLE `course_sections` (
  `section_id` int(11) NOT NULL,
  `course_id` int(11) NOT NULL,
  `title` varchar(255) NOT NULL,
  `description` text DEFAULT NULL,
  `sort_order` int(11) NOT NULL
) ENGINE=InnoDB DEFAULT CHARSET=utf8mb4 COLLATE=utf8mb4_general_ci;

--
-- Dumping data for table `course_sections`
--

INSERT INTO `course_sections` (`section_id`, `course_id`, `title`, `description`, `sort_order`) VALUES
(8, 87, 'NMAP MASTERCLASS: Scan, Hack & Protect Networks (Zero to Hero!)', '', 1),
(9, 89, 'Alpha', 'rr', 1),
(10, 90, 'SS7 Attack Part 1', '', 1);

-- --------------------------------------------------------

--
-- Table structure for table `download_logs`
--

CREATE TABLE `download_logs` (
  `log_id` int(11) NOT NULL,
  `user_id` int(11) NOT NULL,
  `lesson_id` int(11) NOT NULL,
  `download_date` datetime NOT NULL,
  `file_type` varchar(50) NOT NULL
) ENGINE=InnoDB DEFAULT CHARSET=utf8mb4 COLLATE=utf8mb4_general_ci;

--
-- Dumping data for table `download_logs`
--

INSERT INTO `download_logs` (`log_id`, `user_id`, `lesson_id`, `download_date`, `file_type`) VALUES
(11, 8, 26, '2025-03-25 09:04:09', 'notes'),
(12, 8, 26, '2025-03-25 09:04:10', 'notes'),
(13, 8, 26, '2025-03-25 09:36:57', 'notes'),
(14, 8, 26, '2025-03-25 09:36:57', 'notes'),
(15, 8, 26, '2025-03-25 14:28:44', 'notes'),
(16, 8, 26, '2025-03-25 14:28:44', 'notes'),
(17, 8, 27, '2025-03-25 15:04:20', 'video'),
(18, 8, 27, '2025-03-25 15:04:22', 'video'),
(19, 8, 27, '2025-03-25 15:04:23', 'video'),
(20, 8, 27, '2025-03-25 15:04:24', 'video'),
(21, 8, 27, '2025-03-25 15:04:50', 'video'),
(22, 8, 27, '2025-03-25 15:04:52', 'video'),
(23, 8, 27, '2025-03-25 15:04:53', 'video'),
(24, 8, 27, '2025-03-25 15:05:05', 'video'),
(25, 8, 27, '2025-03-25 15:05:06', 'video'),
(26, 8, 27, '2025-03-25 15:25:46', 'video'),
(27, 8, 27, '2025-03-25 15:25:47', 'video'),
(28, 8, 27, '2025-03-25 15:25:48', 'video'),
(29, 8, 27, '2025-03-25 15:26:15', 'notes'),
(30, 8, 27, '2025-03-25 15:26:15', 'notes'),
(31, 8, 27, '2025-03-25 15:29:36', 'video'),
(32, 8, 27, '2025-03-25 15:29:37', 'video'),
(33, 8, 27, '2025-03-25 15:29:38', 'video'),
(34, 8, 27, '2025-03-25 15:29:38', 'video'),
(35, 8, 27, '2025-03-25 15:29:38', 'video'),
(36, 8, 27, '2025-03-25 15:29:39', 'video'),
(37, 8, 27, '2025-03-25 15:29:39', 'video'),
(38, 8, 27, '2025-03-25 15:29:39', 'video'),
(39, 8, 27, '2025-03-25 15:42:36', 'video'),
(40, 8, 27, '2025-03-25 15:42:37', 'video'),
(41, 8, 27, '2025-03-25 15:45:30', 'video'),
(42, 8, 27, '2025-03-25 15:45:33', 'notes'),
(43, 8, 27, '2025-03-25 15:45:33', 'notes'),
(44, 8, 27, '2025-03-25 15:46:34', 'video'),
(45, 8, 27, '2025-03-25 15:46:36', 'video'),
(46, 8, 27, '2025-03-25 15:46:36', 'video'),
(47, 8, 27, '2025-03-25 15:46:37', 'video'),
(48, 8, 27, '2025-03-25 15:47:07', 'video'),
(49, 8, 27, '2025-03-25 15:47:07', 'video'),
(50, 8, 27, '2025-03-25 15:48:49', 'video'),
(51, 8, 27, '2025-03-25 15:48:49', 'video'),
(52, 8, 27, '2025-03-25 16:02:55', 'video'),
(53, 8, 27, '2025-03-25 16:02:55', 'video'),
(54, 8, 27, '2025-03-25 16:15:09', 'video'),
(55, 8, 27, '2025-03-25 16:15:09', 'video');

-- --------------------------------------------------------

--
-- Table structure for table `enrollments`
--

CREATE TABLE `enrollments` (
  `enrollment_id` int(11) NOT NULL,
  `user_id` int(11) NOT NULL,
  `course_id` int(11) NOT NULL,
  `subscription_id` int(11) DEFAULT NULL,
  `enrollment_date` datetime DEFAULT current_timestamp(),
  `expiry_date` datetime DEFAULT NULL,
  `is_active` tinyint(1) DEFAULT 1,
  `last_accessed` datetime DEFAULT NULL,
  `completion_percentage` decimal(5,2) DEFAULT 0.00,
  `is_free_from_subscription` tinyint(1) NOT NULL DEFAULT 0,
  `payment_id` int(11) DEFAULT NULL
) ENGINE=InnoDB DEFAULT CHARSET=utf8mb4 COLLATE=utf8mb4_general_ci;

--
-- Dumping data for table `enrollments`
--

INSERT INTO `enrollments` (`enrollment_id`, `user_id`, `course_id`, `subscription_id`, `enrollment_date`, `expiry_date`, `is_active`, `last_accessed`, `completion_percentage`, `is_free_from_subscription`, `payment_id`) VALUES
(52, 13, 87, NULL, '2025-03-24 18:17:27', NULL, 1, '2025-03-27 12:48:23', 0.00, 0, 60),
(54, 8, 89, NULL, '2025-03-25 09:02:37', NULL, 1, '2025-03-28 15:21:11', 25.00, 0, 65),
(55, 13, 89, NULL, '2025-03-25 12:07:47', NULL, 1, '2025-03-26 04:10:23', 0.00, 0, 66),
(56, 8, 87, 3, '2025-03-25 15:07:28', NULL, 1, '2025-03-28 02:36:33', 0.00, 1, NULL);

-- --------------------------------------------------------

--
-- Table structure for table `events`
--

CREATE TABLE `events` (
  `event_id` int(11) NOT NULL,
  `title` varchar(255) NOT NULL,
  `description` text NOT NULL,
  `short_description` varchar(255) DEFAULT NULL,
  `category` varchar(100) NOT NULL,
  `image` varchar(255) DEFAULT NULL,
  `location` varchar(255) NOT NULL,
  `event_date` date NOT NULL,
  `start_time` time NOT NULL,
  `end_time` time NOT NULL,
  `organizer` varchar(255) NOT NULL,
  `ticket_price` decimal(10,2) DEFAULT NULL,
  `ticket_url` varchar(255) DEFAULT NULL,
  `is_featured` tinyint(1) DEFAULT 0,
  `created_at` timestamp NOT NULL DEFAULT current_timestamp(),
  `updated_at` timestamp NOT NULL DEFAULT current_timestamp() ON UPDATE current_timestamp()
) ENGINE=InnoDB DEFAULT CHARSET=utf8mb4 COLLATE=utf8mb4_general_ci;

-- --------------------------------------------------------

--
-- Table structure for table `event_likes`
--

CREATE TABLE `event_likes` (
  `like_id` int(11) NOT NULL,
  `event_id` int(11) NOT NULL,
  `user_id` int(11) NOT NULL,
  `created_at` timestamp NOT NULL DEFAULT current_timestamp()
) ENGINE=InnoDB DEFAULT CHARSET=utf8mb4 COLLATE=utf8mb4_general_ci;

-- --------------------------------------------------------

--
-- Table structure for table `lessons`
--

CREATE TABLE `lessons` (
  `lesson_id` int(11) NOT NULL,
  `section_id` int(11) NOT NULL,
  `title` varchar(255) NOT NULL,
  `description` text DEFAULT NULL,
  `content_type` enum('video','text','quiz','assignment') NOT NULL,
  `content` text DEFAULT NULL,
  `video_url` varchar(255) DEFAULT NULL,
  `duration_minutes` int(11) DEFAULT NULL,
  `sort_order` int(11) NOT NULL,
  `is_free` tinyint(1) DEFAULT 0,
  `created_at` datetime DEFAULT current_timestamp(),
  `updated_at` datetime DEFAULT current_timestamp() ON UPDATE current_timestamp(),
  `note_path` varchar(255) DEFAULT NULL
) ENGINE=InnoDB DEFAULT CHARSET=utf8mb4 COLLATE=utf8mb4_general_ci;

--
-- Dumping data for table `lessons`
--

INSERT INTO `lessons` (`lesson_id`, `section_id`, `title`, `description`, `content_type`, `content`, `video_url`, `duration_minutes`, `sort_order`, `is_free`, `created_at`, `updated_at`, `note_path`) VALUES
(26, 9, 'Dayq', 'dddd', 'video', '', 'https://www.youtube.com/watch?v=82PXenL4MGg', 2, 1, 0, '2025-03-25 09:01:33', '2025-03-25 09:01:33', '../uploads/notes/1742893293_ss.pdf'),
(27, 9, 'Day-3', 'tester', 'video', '', '../uploads/lessons/1742914917_file_example_MP4_1920_18MG.mp4', 5, 2, 0, '2025-03-25 15:01:57', '2025-03-25 15:01:57', '../uploads/notes/1742914917______________1_.docx'),
(28, 9, 'Day-4', 'rrer', 'video', '', 'https://youtu.be/n0iYVOgOj4U', 3, 3, 0, '2025-03-25 15:28:11', '2025-03-25 15:28:11', NULL),
(29, 9, 'Day-5', 'test', 'video', '', 'https://www.youtube.com/watch?v=ytnN3o0DbCA', 3, 4, 0, '2025-03-25 15:32:45', '2025-03-25 15:32:45', '../uploads/notes/1742916765______________1_.docx');

-- --------------------------------------------------------

--
-- Table structure for table `lesson_progress`
--

CREATE TABLE `lesson_progress` (
  `progress_id` int(11) NOT NULL,
  `user_id` int(11) NOT NULL,
  `lesson_id` int(11) NOT NULL,
  `status` enum('not_started','in_progress','completed') DEFAULT 'not_started',
  `progress_percentage` decimal(5,2) DEFAULT 0.00,
  `last_accessed` datetime DEFAULT NULL,
  `time_spent_seconds` int(11) DEFAULT 0
) ENGINE=InnoDB DEFAULT CHARSET=utf8mb4 COLLATE=utf8mb4_general_ci;

--
-- Dumping data for table `lesson_progress`
--

INSERT INTO `lesson_progress` (`progress_id`, `user_id`, `lesson_id`, `status`, `progress_percentage`, `last_accessed`, `time_spent_seconds`) VALUES
(34, 8, 26, 'in_progress', 0.00, '2025-03-28 15:22:25', 0),
(35, 13, 26, 'in_progress', 0.00, '2025-03-25 12:15:01', 0),
(36, 8, 27, 'completed', 100.00, '2025-03-25 17:08:10', 0),
(38, 8, 28, 'in_progress', 0.00, '2025-03-28 15:30:39', 0),
(39, 8, 29, 'in_progress', 0.00, '2025-03-28 15:23:26', 0),
(40, 13, 27, 'in_progress', 0.00, '2025-03-26 04:11:39', 0),
(41, 13, 28, 'in_progress', 0.00, '2025-03-26 04:12:29', 0),
(42, 13, 29, 'in_progress', 0.00, '2025-03-26 04:11:29', 0);

-- --------------------------------------------------------

--
-- Table structure for table `notifications`
--

CREATE TABLE `notifications` (
  `notification_id` int(11) NOT NULL,
  `user_id` int(11) NOT NULL,
  `title` varchar(255) NOT NULL,
  `message` text NOT NULL,
  `is_read` tinyint(1) DEFAULT 0,
  `notification_type` varchar(50) DEFAULT NULL,
  `related_id` int(11) DEFAULT NULL,
  `created_at` datetime DEFAULT current_timestamp()
) ENGINE=InnoDB DEFAULT CHARSET=utf8mb4 COLLATE=utf8mb4_general_ci;

--
-- Dumping data for table `notifications`
--

INSERT INTO `notifications` (`notification_id`, `user_id`, `title`, `message`, `is_read`, `notification_type`, `related_id`, `created_at`) VALUES
(95, 13, 'Course Enrollment', 'You have been enrolled in NMAP MASTERCLASS: Scan, Hack & Protect Networks (Zero to Hero!)', 0, 'enrollment', 87, '2025-03-24 18:17:27'),
(96, 8, 'Course Enrollment', 'You have been enrolled in NMAP MASTERCLASS: Scan, Hack & Protect Networks (Zero to Hero!)', 0, 'enrollment', 87, '2025-03-25 01:07:57'),
(97, 13, 'Payment Rejected', 'Your payment was rejected.', 0, 'payment', 64, '2025-03-25 01:51:17'),
(98, 8, 'Course Enrollment', 'You have been enrolled in Cyber', 0, 'enrollment', 89, '2025-03-25 09:02:37'),
(99, 13, 'Course Enrollment', 'You have been enrolled in Cyber', 0, 'enrollment', 89, '2025-03-25 12:07:47'),
(100, 8, 'Subscription Approved', 'Your subscription has been approved. You can now enjoy all the benefits!', 0, 'subscription', 26, '2025-03-25 15:07:19'),
(101, 8, 'Subscription Approved', 'Your subscription has been approved. You can now enjoy all the benefits!', 0, 'subscription', 26, '2025-03-25 15:27:25');

-- --------------------------------------------------------

--
-- Table structure for table `payments`
--

CREATE TABLE `payments` (
  `payment_id` int(11) NOT NULL,
  `user_id` int(11) NOT NULL,
  `course_id` int(11) DEFAULT NULL,
  `amount` decimal(10,2) NOT NULL,
  `payment_method_id` int(11) NOT NULL,
  `transaction_id` varchar(100) DEFAULT NULL,
  `status` enum('pending','pending_approval','completed','failed','refunded') DEFAULT 'pending',
  `reference_id` varchar(100) DEFAULT NULL,
  `payment_proof` varchar(255) DEFAULT NULL,
  `payment_date` datetime DEFAULT current_timestamp(),
  `payment_type` enum('course','subscription') NOT NULL DEFAULT 'course'
) ENGINE=InnoDB DEFAULT CHARSET=utf8mb4 COLLATE=utf8mb4_general_ci;

--
-- Dumping data for table `payments`
--

INSERT INTO `payments` (`payment_id`, `user_id`, `course_id`, `amount`, `payment_method_id`, `transaction_id`, `status`, `reference_id`, `payment_proof`, `payment_date`, `payment_type`) VALUES
(59, 8, NULL, 5000.00, 5, 'ttt', 'pending', 'SUB-F110018981', '../uploads/receipts/1742407104_67db05c03eed0.jpeg', '2025-03-19 17:58:24', 'subscription'),
(60, 13, 87, 1499.00, 5, 'jygh', 'completed', 'PAY-84B2A8CCC2', '../uploads/receipts/1742840142_04bed5ea_ad00_4b36_8e44_1eb6c10b4fb4.png', '2000-06-05 00:00:00', 'course'),
(63, 13, NULL, 2000.00, 5, 'uyfgyh', 'pending', 'SUB-DDDC41883D', '../uploads/receipts/1742866942_67e209fed79cf.png', '2025-03-25 01:42:22', 'subscription'),
(65, 8, 89, 50.00, 5, 'Saepe accusamus eaqu', 'completed', 'PAY-27A8BA2A27', '../uploads/receipts/1742893347_Paul_Circle.png', '2025-03-25 00:00:00', 'course'),
(66, 13, 89, 50.00, 5, 'gvb n', 'completed', 'PAY-E9FA0DD6E7', NULL, '2000-06-05 00:00:00', 'course'),
(67, 8, NULL, 5000.00, 5, '22222', 'completed', 'SUB-0506E31F94', '../uploads/receipts/1742915152_67e2c6500451f.png', '2025-03-25 15:05:52', 'subscription');

--
-- Triggers `payments`
--
DELIMITER $$
CREATE TRIGGER `after_payment_complete` AFTER UPDATE ON `payments` FOR EACH ROW BEGIN
    DECLARE referrer_id INT;
    DECLARE referred_user_id INT;
    DECLARE reward_amount DECIMAL(10,2);

    IF NEW.status = 'completed' AND OLD.status != 'completed' THEN
        SET referred_user_id = NEW.user_id;

        SELECT referred_by INTO referrer_id
        FROM users
        WHERE user_id = referred_user_id AND referred_by IS NOT NULL;

        IF referrer_id IS NOT NULL THEN
            SET reward_amount = NEW.amount * 0.1;

            INSERT INTO referral_rewards (
                referrer_id, referred_user_id, payment_id, amount, status, created_at
            ) VALUES (
                referrer_id, referred_user_id, NEW.payment_id, reward_amount, 'completed', NOW()
            );
        END IF;
    END IF;
END
$$
DELIMITER ;

-- --------------------------------------------------------

--
-- Table structure for table `payment_methods`
--

CREATE TABLE `payment_methods` (
  `payment_method_id` int(11) NOT NULL,
  `bank_detail_id` int(11) DEFAULT NULL,
  `name` varchar(50) NOT NULL,
  `type` varchar(50) NOT NULL DEFAULT 'bank_transfer',
  `is_active` tinyint(1) DEFAULT 1,
  `display_order` int(11) NOT NULL DEFAULT 0,
  `description` text DEFAULT NULL,
  `icon` varchar(255) DEFAULT NULL,
  `created_at` timestamp NOT NULL DEFAULT current_timestamp(),
  `updated_at` timestamp NULL DEFAULT NULL ON UPDATE current_timestamp(),
  `qr_image` blob DEFAULT NULL
) ENGINE=InnoDB DEFAULT CHARSET=utf8mb4 COLLATE=utf8mb4_general_ci;

--
-- Dumping data for table `payment_methods`
--

INSERT INTO `payment_methods` (`payment_method_id`, `bank_detail_id`, `name`, `type`, `is_active`, `display_order`, `description`, `icon`, `created_at`, `updated_at`, `qr_image`) VALUES
(5, 9, 'Nepal Cyber CLub', 'bank_transfer', 1, 0, 'Powered by Nepal Cyber Club', '../uploads/payment_methods/1742395744_icon_bank.png', '2025-03-12 16:27:10', '2025-03-25 01:40:05', NULL);

-- --------------------------------------------------------

--
-- Table structure for table `referrals`
--

CREATE TABLE `referrals` (
  `referral_id` int(11) NOT NULL,
  `referrer_id` int(11) NOT NULL,
  `referred_id` int(11) NOT NULL,
  `referral_code_id` int(11) NOT NULL,
  `enrollment_id` int(11) DEFAULT NULL,
  `payment_id` int(11) DEFAULT NULL,
  `reward_amount` decimal(10,2) DEFAULT NULL,
  `status` enum('pending','rewarded','rejected') DEFAULT 'pending',
  `referral_date` datetime DEFAULT current_timestamp()
) ENGINE=InnoDB DEFAULT CHARSET=utf8mb4 COLLATE=utf8mb4_general_ci;

-- --------------------------------------------------------

--
-- Table structure for table `referral_codes`
--

CREATE TABLE `referral_codes` (
  `referral_code_id` int(11) NOT NULL,
  `user_id` int(11) NOT NULL,
  `code` varchar(50) NOT NULL,
  `created_at` datetime DEFAULT current_timestamp(),
  `is_active` tinyint(1) DEFAULT 1
) ENGINE=InnoDB DEFAULT CHARSET=utf8mb4 COLLATE=utf8mb4_general_ci;

-- --------------------------------------------------------

--
-- Table structure for table `referral_rewards`
--

CREATE TABLE `referral_rewards` (
  `reward_id` int(11) NOT NULL,
  `referrer_id` int(11) NOT NULL,
  `referred_user_id` int(11) NOT NULL,
  `payment_id` int(11) NOT NULL,
  `amount` decimal(10,2) NOT NULL DEFAULT 0.00,
  `status` enum('pending','completed','cancelled') NOT NULL DEFAULT 'pending',
  `created_at` datetime DEFAULT current_timestamp(),
  `updated_at` datetime DEFAULT current_timestamp() ON UPDATE current_timestamp()
) ENGINE=InnoDB DEFAULT CHARSET=utf8mb4 COLLATE=utf8mb4_general_ci;

--
-- Triggers `referral_rewards`
--
DELIMITER $$
CREATE TRIGGER `update_final_balance_on_reward_add` AFTER INSERT ON `referral_rewards` FOR EACH ROW BEGIN
    IF NEW.status = 'completed' THEN
        UPDATE users
        SET final_balance = balance + 
            COALESCE((SELECT SUM(amount) FROM referral_rewards 
                     WHERE referrer_id = user_id AND status = 'completed'), 0)
        WHERE user_id = NEW.referrer_id;
    END IF;
END
$$
DELIMITER ;
DELIMITER $$
CREATE TRIGGER `update_final_balance_on_reward_change` AFTER UPDATE ON `referral_rewards` FOR EACH ROW BEGIN
    IF OLD.status != NEW.status AND (OLD.status = 'completed' OR NEW.status = 'completed') THEN
        UPDATE users
        SET final_balance = balance + 
            COALESCE((SELECT SUM(amount) FROM referral_rewards 
                     WHERE referrer_id = user_id AND status = 'completed'), 0)
        WHERE user_id = NEW.referrer_id;
    END IF;
END
$$
DELIMITER ;

-- --------------------------------------------------------

--
-- Table structure for table `reviews`
--

CREATE TABLE `reviews` (
  `review_id` int(11) NOT NULL,
  `user_id` int(11) NOT NULL,
  `course_id` int(11) NOT NULL,
  `rating` decimal(3,2) NOT NULL CHECK (`rating` >= 1 and `rating` <= 5),
  `comment` text DEFAULT NULL,
  `created_at` datetime DEFAULT current_timestamp(),
  `updated_at` datetime DEFAULT current_timestamp() ON UPDATE current_timestamp(),
  `is_approved` tinyint(1) DEFAULT 0
) ENGINE=InnoDB DEFAULT CHARSET=utf8mb4 COLLATE=utf8mb4_general_ci;

-- --------------------------------------------------------

--
-- Table structure for table `review_responses`
--

CREATE TABLE `review_responses` (
  `response_id` int(11) NOT NULL,
  `review_id` int(11) NOT NULL,
  `user_id` int(11) NOT NULL,
  `comment` text NOT NULL,
  `created_at` datetime DEFAULT current_timestamp()
) ENGINE=InnoDB DEFAULT CHARSET=utf8mb4 COLLATE=utf8mb4_general_ci;

-- --------------------------------------------------------

--
-- Table structure for table `roles`
--

CREATE TABLE `roles` (
  `role_id` int(11) NOT NULL,
  `role_name` varchar(50) NOT NULL,
  `description` text DEFAULT NULL
) ENGINE=InnoDB DEFAULT CHARSET=utf8mb4 COLLATE=utf8mb4_general_ci;

--
-- Dumping data for table `roles`
--

INSERT INTO `roles` (`role_id`, `role_name`, `description`) VALUES
(1, 'admin', 'Administrator with full system access'),
(2, 'instructor', 'Can create and manage courses'),
(3, 'student', 'Regular student user');

-- --------------------------------------------------------

--
-- Table structure for table `site_settings`
--

CREATE TABLE `site_settings` (
  `id` int(11) NOT NULL,
  `setting_key` varchar(100) NOT NULL,
  `setting_value` text DEFAULT NULL,
  `setting_group` varchar(50) NOT NULL DEFAULT 'general',
  `setting_label` varchar(100) NOT NULL,
  `setting_type` varchar(20) NOT NULL DEFAULT 'text',
  `created_at` timestamp NOT NULL DEFAULT current_timestamp(),
  `updated_at` timestamp NOT NULL DEFAULT current_timestamp() ON UPDATE current_timestamp()
) ENGINE=InnoDB DEFAULT CHARSET=utf8mb4 COLLATE=utf8mb4_general_ci;

--
-- Dumping data for table `site_settings`
--

INSERT INTO `site_settings` (`id`, `setting_key`, `setting_value`, `setting_group`, `setting_label`, `setting_type`, `created_at`, `updated_at`) VALUES
(1, 'site_title', 'Nepal Cyber Club ', 'general', 'Site Title', 'text', '2025-03-18 02:51:01', '2025-03-19 19:09:18'),
(2, 'site_description', 'Inpowering learners worldwide with high-quality online education. Our platform offers a wide range of courses taught by industry experts.', 'general', 'Site Description', 'textarea', '2025-03-18 02:51:01', '2025-03-18 03:46:02'),
(3, 'contact_email', '', 'general', 'Contact Email', 'email', '2025-03-18 02:51:01', '2025-03-19 19:09:59'),
(4, 'contact_phone', '+977-9764754245', 'general', 'Contact Phone', 'text', '2025-03-18 02:51:01', '2025-03-19 19:09:18'),
(5, 'contact_address', '', 'general', 'Contact Address', 'textarea', '2025-03-18 02:51:01', '2025-03-19 19:09:59'),
(6, 'facebook_url', 'https://www.facebook.com/profile.php?id=61574087041228', 'social', 'Facebook URL', 'url', '2025-03-18 02:51:01', '2025-03-19 19:12:08'),
(7, 'twitter_url', 'https://youtube.com/', 'social', 'Twitter URL', 'url', '2025-03-18 02:51:01', '2025-03-18 03:44:16'),
(8, 'instagram_url', 'https://youtube.com/', 'social', 'Instagram URL', 'url', '2025-03-18 02:51:01', '2025-03-18 03:44:16'),
(9, 'youtube_url', 'https://youtube.com/', 'social', 'YouTube URL', 'url', '2025-03-18 02:51:01', '2025-03-18 03:44:16'),
(10, 'linkedin_url', 'https://youtube.com/', 'social', 'LinkedIn URL', 'url', '2025-03-18 02:51:01', '2025-03-18 03:44:16'),
(11, 'footer_column1_title', 'About Us', 'footer', 'Footer Column 1 Title', 'text', '2025-03-18 02:51:01', '2025-03-18 02:51:01'),
(12, 'footer_column1_content', 'Inpowering learners worldwide with high-quality online education. Our platform offers a wide range of courses taught by industry experts.', 'footer', 'Footer Column 1 Content', 'textarea', '2025-03-18 02:51:01', '2025-03-18 03:45:39'),
(13, 'footer_column2_title', 'Quick Links', 'footer', 'Footer Column 2 Title', 'text', '2025-03-18 02:51:01', '2025-03-18 02:51:01'),
(14, 'footer_column3_title', 'Legal', 'footer', 'Footer Column 3 Title', 'text', '2025-03-18 02:51:01', '2025-03-18 02:51:01'),
(15, 'footer_copyright', ' {year} Nepal Cyber Club. All rights reserved.', 'footer', 'Footer Copyright Text', 'text', '2025-03-18 02:51:01', '2025-03-19 19:13:20');

-- --------------------------------------------------------

--
-- Table structure for table `subscription_plans`
--

CREATE TABLE `subscription_plans` (
  `subscription_id` int(11) NOT NULL,
  `name` varchar(100) NOT NULL,
  `price` decimal(10,2) NOT NULL DEFAULT 0.00,
  `description` text DEFAULT NULL,
  `duration_months` int(11) NOT NULL DEFAULT 1,
  `free_courses` int(11) NOT NULL DEFAULT 0,
  `features` text DEFAULT NULL,
  `is_active` tinyint(1) NOT NULL DEFAULT 1,
  `created_at` datetime DEFAULT current_timestamp(),
  `updated_at` datetime DEFAULT current_timestamp() ON UPDATE current_timestamp()
) ENGINE=InnoDB DEFAULT CHARSET=utf8mb4 COLLATE=utf8mb4_general_ci;

--
-- Dumping data for table `subscription_plans`
--

INSERT INTO `subscription_plans` (`subscription_id`, `name`, `price`, `description`, `duration_months`, `free_courses`, `features`, `is_active`, `created_at`, `updated_at`) VALUES
(1, 'Basic', 0.00, 'Basic access to the platform', 1, 0, '[\"Access to free courses\",\"Community forum access\",\"Basic support\"]', 1, '2025-03-10 19:08:00', '2025-03-10 19:08:00'),
(2, 'Standard', 2000.00, 'Standard access with additional benefits', 1, 2, '[\"Access to all courses\",\"2 free premium courses\",\"Priority support\",\"Course completion certificates\"]', 1, '2025-03-10 19:08:00', '2025-03-10 19:08:00'),
(3, 'Premium', 5000.00, 'Full access to all platform features', 1, 4, '[\"Access to all courses and resources\",\"4 free premium courses\",\"24/7 premium support\",\"Course completion certificates\",\"Exclusive webinars\",\"Downloadable resources\"]', 1, '2025-03-10 19:08:00', '2025-03-10 19:08:00');

-- --------------------------------------------------------

--
-- Table structure for table `support_categories`
--

CREATE TABLE `support_categories` (
  `category_id` int(11) NOT NULL,
  `name` varchar(100) NOT NULL,
  `description` text DEFAULT NULL,
  `created_at` datetime DEFAULT current_timestamp()
) ENGINE=InnoDB DEFAULT CHARSET=utf8mb4 COLLATE=utf8mb4_general_ci;

--
-- Dumping data for table `support_categories`
--

INSERT INTO `support_categories` (`category_id`, `name`, `description`, `created_at`) VALUES
(1, 'Account Issues', 'Problems with login, registration, or account settings', '2025-03-16 22:19:09'),
(2, 'Course Access', 'Issues accessing purchased courses or content', '2025-03-16 22:19:09'),
(3, 'Payment Problems', 'Issues with payments, refunds, or billing', '2025-03-16 22:19:09'),
(4, 'Technical Support', 'Technical problems with the platform or courses', '2025-03-16 22:19:09'),
(5, 'Subscription Issues', 'Problems with subscription plans or renewals', '2025-03-16 22:19:09'),
(6, 'Referral Program', 'Questions about the referral program or rewards', '2025-03-16 22:19:09'),
(7, 'Content Feedback', 'Feedback about course content or quality', '2025-03-16 22:19:09'),
(8, 'General Inquiry', 'General questions about the platform or services', '2025-03-16 22:19:09');

-- --------------------------------------------------------

--
-- Table structure for table `support_messages`
--

CREATE TABLE `support_messages` (
  `message_id` int(11) NOT NULL,
  `ticket_id` int(11) NOT NULL,
  `sender_id` int(11) NOT NULL,
  `is_admin` tinyint(1) NOT NULL DEFAULT 0,
  `message` text NOT NULL,
  `is_read` tinyint(1) NOT NULL DEFAULT 0,
  `created_at` datetime DEFAULT current_timestamp()
) ENGINE=InnoDB DEFAULT CHARSET=utf8mb4 COLLATE=utf8mb4_general_ci;

-- --------------------------------------------------------

--
-- Table structure for table `support_tickets`
--

CREATE TABLE `support_tickets` (
  `ticket_id` int(11) NOT NULL,
  `user_id` int(11) NOT NULL,
  `subject` varchar(255) NOT NULL,
  `category_id` int(11) DEFAULT NULL,
  `priority` varchar(20) NOT NULL DEFAULT 'Medium',
  `status` varchar(20) NOT NULL DEFAULT 'Open',
  `created_at` datetime DEFAULT current_timestamp(),
  `updated_at` datetime DEFAULT current_timestamp() ON UPDATE current_timestamp()
) ENGINE=InnoDB DEFAULT CHARSET=utf8mb4 COLLATE=utf8mb4_general_ci;

--
-- Dumping data for table `support_tickets`
--

INSERT INTO `support_tickets` (`ticket_id`, `user_id`, `subject`, `category_id`, `priority`, `status`, `created_at`, `updated_at`) VALUES
(1, 8, 'Payment', 2, 'High', 'Resolved', '2025-03-16 22:28:20', '2025-03-17 06:46:07');

-- --------------------------------------------------------

--
-- Table structure for table `users`
--

CREATE TABLE `users` (
  `user_id` int(11) NOT NULL,
  `username` varchar(50) NOT NULL,
  `email` varchar(100) NOT NULL,
  `password_hash` varchar(255) NOT NULL,
  `first_name` varchar(50) NOT NULL,
  `last_name` varchar(50) NOT NULL,
  `profile_picture` varchar(255) DEFAULT NULL,
  `bio` text DEFAULT NULL,
  `is_active` tinyint(1) DEFAULT 1,
  `registration_date` datetime DEFAULT current_timestamp(),
  `last_login` datetime DEFAULT NULL,
  `referral_code` varchar(20) DEFAULT NULL,
  `referred_by` int(11) DEFAULT NULL,
  `free_courses_remaining` int(11) DEFAULT 0,
  `balance` decimal(10,2) NOT NULL DEFAULT 0.00,
  `final_balance` decimal(10,2) DEFAULT 0.00,
  `otp` varchar(10) DEFAULT NULL,
  `otp_expiry` datetime DEFAULT NULL
) ENGINE=InnoDB DEFAULT CHARSET=utf8mb4 COLLATE=utf8mb4_general_ci;

--
-- Dumping data for table `users`
--

INSERT INTO `users` (`user_id`, `username`, `email`, `password_hash`, `first_name`, `last_name`, `profile_picture`, `bio`, `is_active`, `registration_date`, `last_login`, `referral_code`, `referred_by`, `free_courses_remaining`, `balance`, `final_balance`, `otp`, `otp_expiry`) VALUES
(8, 'prasanga', 'incpractical@gmail.com', '$2y$10$MCWCZSWzGPwdmYV2BhUIROw5wzTcLBwIcIS55lgnbZw3eqpe6tWYK', 'Prasanga', 'Pokharel', 'uploads/profile_pictures/profile_8_1741885792.jpeg', '', 1, '2025-03-13 11:06:19', '2025-03-28 15:21:08', 'D373823A', NULL, 7, 0.00, 0.00, '318312', '2025-03-20 17:32:27'),
(13, 'ncc', 'nepalcyberclub@gmail.com', '$2y$10$kMmC4EUgDHFw5.GUQ0IrluH655IuUpUrkyLbagMcwXqSZteTEWJJe', 'Nepal', 'Cyber club', NULL, NULL, 1, '2025-03-19 18:07:54', '2025-03-27 12:48:09', '53596E9F', NULL, 0, 0.00, 0.00, NULL, NULL),
(14, 'Nikesh', 'nikesh123@gmail.com', '$2y$10$D6Rn2td2wH..ws4dsIYjn.a1U7WzUeWA5nTJIA6fiopieWgFdgJEe', 'Nikesh', 'Nepal', NULL, NULL, 1, '2025-03-23 04:40:25', '2025-03-23 04:41:00', 'E61C870E', NULL, 0, 0.00, 0.00, NULL, NULL),
(15, 'Rajjjaaaa', 'rajapurkoti420@gmail.com', '$2y$10$fh7jCcum1/2wuuLDagFKr.M/fWl1ck.oxjsYjUhQSpdDEDzP6sCwa', 'Raja', 'Purkoti', NULL, NULL, 1, '2025-03-24 02:05:29', '2025-03-24 02:05:45', '312AEE71', NULL, 0, 0.00, 0.00, NULL, NULL),
(16, 'Opdwodowkdwiidwok djwkqdwqofhjqwlsqj jfkmclasdkjfj', 'nomin.momin+114d0@mail.ru', '$2y$10$uPE3DQoeVi99dTyYlJ/FFOm7zDtsfeRJIfgB3ABbAR2eW/XiB9Wx.', 'Opdwodowkdwiidwok djwkqdwqofhjqwlsqj jfkmclasdkjfj', 'Opdwodowkdwiidwok djwkqdwqofhjqwlsqj jfkmclasdkjfj', NULL, NULL, 1, '2025-03-26 23:40:08', NULL, '9FE7ADD5', NULL, 0, 0.00, 0.00, NULL, NULL),
(17, 'qwert111', 'h93fy15q8g@zvvzuv.com', '$2y$10$JsHebbJr2YDJFNuGSKfZ5uicqH.DF1DdNSs8wkDhB3RmYZQdLzNJ6', 'Tfdxserftesxd', 'aedwerrwr', NULL, NULL, 1, '2025-03-28 04:56:15', '2025-03-28 04:56:25', '9797A46C', NULL, 0, 0.00, 0.00, NULL, NULL);

--
-- Triggers `users`
--
DELIMITER $$
CREATE TRIGGER `update_final_balance_on_balance_change` BEFORE UPDATE ON `users` FOR EACH ROW BEGIN
    IF OLD.balance != NEW.balance THEN
        SET NEW.final_balance = NEW.balance + 
            COALESCE((SELECT SUM(amount) FROM referral_rewards 
                     WHERE referrer_id = NEW.user_id AND status = 'completed'), 0);
    END IF;
END
$$
DELIMITER ;

-- --------------------------------------------------------

--
-- Table structure for table `user_roles`
--

CREATE TABLE `user_roles` (
  `user_id` int(11) NOT NULL,
  `role_id` int(11) NOT NULL,
  `assigned_date` datetime DEFAULT current_timestamp()
) ENGINE=InnoDB DEFAULT CHARSET=utf8mb4 COLLATE=utf8mb4_general_ci;

--
-- Dumping data for table `user_roles`
--

INSERT INTO `user_roles` (`user_id`, `role_id`, `assigned_date`) VALUES
(8, 1, '2025-03-13 11:15:30'),
(13, 1, '2025-03-19 18:09:18'),
(13, 3, '2025-03-19 18:07:54'),
(14, 3, '2025-03-23 04:40:25'),
(15, 3, '2025-03-24 02:05:29'),
(16, 3, '2025-03-26 23:40:08'),
(17, 3, '2025-03-28 04:56:15');

-- --------------------------------------------------------

--
-- Table structure for table `user_subscriptions`
--

CREATE TABLE `user_subscriptions` (
  `user_subscription_id` int(11) NOT NULL,
  `user_id` int(11) NOT NULL,
  `subscription_id` int(11) NOT NULL,
  `start_date` datetime NOT NULL,
  `end_date` datetime NOT NULL,
  `payment_id` int(11) DEFAULT NULL,
  `is_active` tinyint(1) NOT NULL DEFAULT 1,
  `created_at` datetime DEFAULT current_timestamp(),
  `updated_at` datetime DEFAULT current_timestamp() ON UPDATE current_timestamp()
) ENGINE=InnoDB DEFAULT CHARSET=utf8mb4 COLLATE=utf8mb4_general_ci;

--
-- Dumping data for table `user_subscriptions`
--

INSERT INTO `user_subscriptions` (`user_subscription_id`, `user_id`, `subscription_id`, `start_date`, `end_date`, `payment_id`, `is_active`, `created_at`, `updated_at`) VALUES
(24, 8, 3, '2025-03-19 17:58:24', '2025-04-19 17:58:24', 59, 0, '2025-03-19 17:58:24', '2025-03-19 17:58:24'),
(25, 13, 2, '2025-03-25 01:42:22', '2025-04-25 01:42:22', 63, 0, '2025-03-25 01:42:22', '2025-03-25 01:42:22'),
(26, 8, 3, '2025-03-25 15:05:52', '2025-04-25 15:05:52', 67, 1, '2025-03-25 15:05:52', '2025-03-25 15:07:19');

-- --------------------------------------------------------

--
-- Table structure for table `wishlist`
--

CREATE TABLE `wishlist` (
  `wishlist_id` int(11) NOT NULL,
  `user_id` int(11) NOT NULL,
  `course_id` int(11) NOT NULL,
  `added_at` datetime DEFAULT current_timestamp()
) ENGINE=InnoDB DEFAULT CHARSET=utf8mb4 COLLATE=utf8mb4_general_ci;

-- --------------------------------------------------------

--
-- Table structure for table `withdrawals`
--

CREATE TABLE `withdrawals` (
  `withdrawal_id` int(11) NOT NULL,
  `user_id` int(11) NOT NULL,
  `amount` decimal(10,2) NOT NULL,
  `payment_method` varchar(50) NOT NULL,
  `payment_details` text NOT NULL,
  `status` enum('pending','approved','rejected','processing') NOT NULL DEFAULT 'pending',
  `admin_notes` text DEFAULT NULL,
  `requested_at` datetime DEFAULT current_timestamp(),
  `processed_at` datetime DEFAULT NULL,
  `reference_id` varchar(100) DEFAULT NULL
) ENGINE=InnoDB DEFAULT CHARSET=utf8mb4 COLLATE=utf8mb4_general_ci;

--
-- Indexes for dumped tables
--

--
-- Indexes for table `bank_payment_details`
--
ALTER TABLE `bank_payment_details`
  ADD PRIMARY KEY (`bank_detail_id`);

--
-- Indexes for table `categories`
--
ALTER TABLE `categories`
  ADD PRIMARY KEY (`category_id`),
  ADD KEY `parent_category_id` (`parent_category_id`);

--
-- Indexes for table `certificates`
--
ALTER TABLE `certificates`
  ADD PRIMARY KEY (`certificate_id`),
  ADD UNIQUE KEY `certificate_number` (`certificate_number`),
  ADD KEY `user_id` (`user_id`),
  ADD KEY `course_id` (`course_id`);

--
-- Indexes for table `courses`
--
ALTER TABLE `courses`
  ADD PRIMARY KEY (`course_id`),
  ADD KEY `category_id` (`category_id`),
  ADD KEY `admin_id` (`admin_id`);

--
-- Indexes for table `course_sections`
--
ALTER TABLE `course_sections`
  ADD PRIMARY KEY (`section_id`),
  ADD KEY `course_id` (`course_id`);

--
-- Indexes for table `download_logs`
--
ALTER TABLE `download_logs`
  ADD PRIMARY KEY (`log_id`),
  ADD KEY `user_id` (`user_id`),
  ADD KEY `lesson_id` (`lesson_id`);

--
-- Indexes for table `enrollments`
--
ALTER TABLE `enrollments`
  ADD PRIMARY KEY (`enrollment_id`),
  ADD KEY `user_id` (`user_id`),
  ADD KEY `course_id` (`course_id`),
  ADD KEY `fk_enrollments_subscription` (`subscription_id`);

--
-- Indexes for table `events`
--
ALTER TABLE `events`
  ADD PRIMARY KEY (`event_id`);

--
-- Indexes for table `event_likes`
--
ALTER TABLE `event_likes`
  ADD PRIMARY KEY (`like_id`),
  ADD UNIQUE KEY `event_user_unique` (`event_id`,`user_id`),
  ADD KEY `event_likes_user_id_foreign` (`user_id`);

--
-- Indexes for table `lessons`
--
ALTER TABLE `lessons`
  ADD PRIMARY KEY (`lesson_id`),
  ADD KEY `section_id` (`section_id`);

--
-- Indexes for table `lesson_progress`
--
ALTER TABLE `lesson_progress`
  ADD PRIMARY KEY (`progress_id`),
  ADD KEY `user_id` (`user_id`),
  ADD KEY `lesson_id` (`lesson_id`);

--
-- Indexes for table `notifications`
--
ALTER TABLE `notifications`
  ADD PRIMARY KEY (`notification_id`),
  ADD KEY `user_id` (`user_id`);

--
-- Indexes for table `payments`
--
ALTER TABLE `payments`
  ADD PRIMARY KEY (`payment_id`),
  ADD KEY `user_id` (`user_id`),
  ADD KEY `course_id` (`course_id`),
  ADD KEY `payment_method_id` (`payment_method_id`);

--
-- Indexes for table `payment_methods`
--
ALTER TABLE `payment_methods`
  ADD PRIMARY KEY (`payment_method_id`),
  ADD KEY `fk_payment_methods_bank_details` (`bank_detail_id`);

--
-- Indexes for table `referrals`
--
ALTER TABLE `referrals`
  ADD PRIMARY KEY (`referral_id`),
  ADD KEY `referrer_id` (`referrer_id`),
  ADD KEY `referred_id` (`referred_id`),
  ADD KEY `referral_code_id` (`referral_code_id`),
  ADD KEY `enrollment_id` (`enrollment_id`),
  ADD KEY `payment_id` (`payment_id`);

--
-- Indexes for table `referral_codes`
--
ALTER TABLE `referral_codes`
  ADD PRIMARY KEY (`referral_code_id`),
  ADD UNIQUE KEY `code` (`code`),
  ADD KEY `user_id` (`user_id`);

--
-- Indexes for table `referral_rewards`
--
ALTER TABLE `referral_rewards`
  ADD PRIMARY KEY (`reward_id`),
  ADD KEY `referrer_id` (`referrer_id`),
  ADD KEY `referred_user_id` (`referred_user_id`);

--
-- Indexes for table `reviews`
--
ALTER TABLE `reviews`
  ADD PRIMARY KEY (`review_id`),
  ADD KEY `user_id` (`user_id`),
  ADD KEY `course_id` (`course_id`);

--
-- Indexes for table `review_responses`
--
ALTER TABLE `review_responses`
  ADD PRIMARY KEY (`response_id`),
  ADD KEY `review_id` (`review_id`),
  ADD KEY `user_id` (`user_id`);

--
-- Indexes for table `roles`
--
ALTER TABLE `roles`
  ADD PRIMARY KEY (`role_id`),
  ADD UNIQUE KEY `role_name` (`role_name`);

--
-- Indexes for table `site_settings`
--
ALTER TABLE `site_settings`
  ADD PRIMARY KEY (`id`),
  ADD UNIQUE KEY `setting_key` (`setting_key`);

--
-- Indexes for table `subscription_plans`
--
ALTER TABLE `subscription_plans`
  ADD PRIMARY KEY (`subscription_id`);

--
-- Indexes for table `support_categories`
--
ALTER TABLE `support_categories`
  ADD PRIMARY KEY (`category_id`);

--
-- Indexes for table `support_messages`
--
ALTER TABLE `support_messages`
  ADD PRIMARY KEY (`message_id`),
  ADD KEY `ticket_id` (`ticket_id`),
  ADD KEY `sender_id` (`sender_id`);

--
-- Indexes for table `support_tickets`
--
ALTER TABLE `support_tickets`
  ADD PRIMARY KEY (`ticket_id`),
  ADD KEY `user_id` (`user_id`),
  ADD KEY `category_id` (`category_id`);

--
-- Indexes for table `users`
--
ALTER TABLE `users`
  ADD PRIMARY KEY (`user_id`),
  ADD UNIQUE KEY `username` (`username`),
  ADD UNIQUE KEY `email` (`email`),
  ADD UNIQUE KEY `referral_code_UNIQUE` (`referral_code`);

--
-- Indexes for table `user_roles`
--
ALTER TABLE `user_roles`
  ADD PRIMARY KEY (`user_id`,`role_id`),
  ADD KEY `role_id` (`role_id`);

--
-- Indexes for table `user_subscriptions`
--
ALTER TABLE `user_subscriptions`
  ADD PRIMARY KEY (`user_subscription_id`),
  ADD KEY `user_id` (`user_id`),
  ADD KEY `subscription_id` (`subscription_id`),
  ADD KEY `payment_id` (`payment_id`);

--
-- Indexes for table `wishlist`
--
ALTER TABLE `wishlist`
  ADD PRIMARY KEY (`wishlist_id`),
  ADD KEY `user_id` (`user_id`),
  ADD KEY `course_id` (`course_id`);

--
-- Indexes for table `withdrawals`
--
ALTER TABLE `withdrawals`
  ADD PRIMARY KEY (`withdrawal_id`),
  ADD KEY `idx_withdrawals_user_id` (`user_id`),
  ADD KEY `idx_withdrawals_status` (`status`);

--
-- AUTO_INCREMENT for dumped tables
--

--
-- AUTO_INCREMENT for table `bank_payment_details`
--
ALTER TABLE `bank_payment_details`
  MODIFY `bank_detail_id` int(11) NOT NULL AUTO_INCREMENT, AUTO_INCREMENT=10;

--
-- AUTO_INCREMENT for table `categories`
--
ALTER TABLE `categories`
  MODIFY `category_id` int(11) NOT NULL AUTO_INCREMENT, AUTO_INCREMENT=14;

--
-- AUTO_INCREMENT for table `certificates`
--
ALTER TABLE `certificates`
  MODIFY `certificate_id` int(11) NOT NULL AUTO_INCREMENT;

--
-- AUTO_INCREMENT for table `courses`
--
ALTER TABLE `courses`
  MODIFY `course_id` int(11) NOT NULL AUTO_INCREMENT, AUTO_INCREMENT=91;

--
-- AUTO_INCREMENT for table `course_sections`
--
ALTER TABLE `course_sections`
  MODIFY `section_id` int(11) NOT NULL AUTO_INCREMENT, AUTO_INCREMENT=11;

--
-- AUTO_INCREMENT for table `download_logs`
--
ALTER TABLE `download_logs`
  MODIFY `log_id` int(11) NOT NULL AUTO_INCREMENT, AUTO_INCREMENT=56;

--
-- AUTO_INCREMENT for table `enrollments`
--
ALTER TABLE `enrollments`
  MODIFY `enrollment_id` int(11) NOT NULL AUTO_INCREMENT, AUTO_INCREMENT=57;

--
-- AUTO_INCREMENT for table `events`
--
ALTER TABLE `events`
  MODIFY `event_id` int(11) NOT NULL AUTO_INCREMENT, AUTO_INCREMENT=2;

--
-- AUTO_INCREMENT for table `event_likes`
--
ALTER TABLE `event_likes`
  MODIFY `like_id` int(11) NOT NULL AUTO_INCREMENT, AUTO_INCREMENT=3;

--
-- AUTO_INCREMENT for table `lessons`
--
ALTER TABLE `lessons`
  MODIFY `lesson_id` int(11) NOT NULL AUTO_INCREMENT, AUTO_INCREMENT=30;

--
-- AUTO_INCREMENT for table `lesson_progress`
--
ALTER TABLE `lesson_progress`
  MODIFY `progress_id` int(11) NOT NULL AUTO_INCREMENT, AUTO_INCREMENT=43;

--
-- AUTO_INCREMENT for table `notifications`
--
ALTER TABLE `notifications`
  MODIFY `notification_id` int(11) NOT NULL AUTO_INCREMENT, AUTO_INCREMENT=102;

--
-- AUTO_INCREMENT for table `payments`
--
ALTER TABLE `payments`
  MODIFY `payment_id` int(11) NOT NULL AUTO_INCREMENT, AUTO_INCREMENT=68;

--
-- AUTO_INCREMENT for table `payment_methods`
--
ALTER TABLE `payment_methods`
  MODIFY `payment_method_id` int(11) NOT NULL AUTO_INCREMENT, AUTO_INCREMENT=13;

--
-- AUTO_INCREMENT for table `referrals`
--
ALTER TABLE `referrals`
  MODIFY `referral_id` int(11) NOT NULL AUTO_INCREMENT;

--
-- AUTO_INCREMENT for table `referral_codes`
--
ALTER TABLE `referral_codes`
  MODIFY `referral_code_id` int(11) NOT NULL AUTO_INCREMENT;

--
-- AUTO_INCREMENT for table `referral_rewards`
--
ALTER TABLE `referral_rewards`
  MODIFY `reward_id` int(11) NOT NULL AUTO_INCREMENT, AUTO_INCREMENT=36;

--
-- AUTO_INCREMENT for table `reviews`
--
ALTER TABLE `reviews`
  MODIFY `review_id` int(11) NOT NULL AUTO_INCREMENT;

--
-- AUTO_INCREMENT for table `review_responses`
--
ALTER TABLE `review_responses`
  MODIFY `response_id` int(11) NOT NULL AUTO_INCREMENT;

--
-- AUTO_INCREMENT for table `roles`
--
ALTER TABLE `roles`
  MODIFY `role_id` int(11) NOT NULL AUTO_INCREMENT, AUTO_INCREMENT=4;

--
-- AUTO_INCREMENT for table `site_settings`
--
ALTER TABLE `site_settings`
  MODIFY `id` int(11) NOT NULL AUTO_INCREMENT, AUTO_INCREMENT=16;

--
-- AUTO_INCREMENT for table `subscription_plans`
--
ALTER TABLE `subscription_plans`
  MODIFY `subscription_id` int(11) NOT NULL AUTO_INCREMENT, AUTO_INCREMENT=4;

--
-- AUTO_INCREMENT for table `support_categories`
--
ALTER TABLE `support_categories`
  MODIFY `category_id` int(11) NOT NULL AUTO_INCREMENT, AUTO_INCREMENT=9;

--
-- AUTO_INCREMENT for table `support_messages`
--
ALTER TABLE `support_messages`
  MODIFY `message_id` int(11) NOT NULL AUTO_INCREMENT, AUTO_INCREMENT=7;

--
-- AUTO_INCREMENT for table `support_tickets`
--
ALTER TABLE `support_tickets`
  MODIFY `ticket_id` int(11) NOT NULL AUTO_INCREMENT, AUTO_INCREMENT=3;

--
-- AUTO_INCREMENT for table `users`
--
ALTER TABLE `users`
  MODIFY `user_id` int(11) NOT NULL AUTO_INCREMENT, AUTO_INCREMENT=18;

--
-- AUTO_INCREMENT for table `user_subscriptions`
--
ALTER TABLE `user_subscriptions`
  MODIFY `user_subscription_id` int(11) NOT NULL AUTO_INCREMENT, AUTO_INCREMENT=27;

--
-- AUTO_INCREMENT for table `wishlist`
--
ALTER TABLE `wishlist`
  MODIFY `wishlist_id` int(11) NOT NULL AUTO_INCREMENT;

--
-- AUTO_INCREMENT for table `withdrawals`
--
ALTER TABLE `withdrawals`
  MODIFY `withdrawal_id` int(11) NOT NULL AUTO_INCREMENT, AUTO_INCREMENT=12;

--
-- Constraints for dumped tables
--

--
-- Constraints for table `categories`
--
ALTER TABLE `categories`
  ADD CONSTRAINT `categories_ibfk_1` FOREIGN KEY (`parent_category_id`) REFERENCES `categories` (`category_id`) ON DELETE SET NULL;

--
-- Constraints for table `certificates`
--
ALTER TABLE `certificates`
  ADD CONSTRAINT `certificates_ibfk_1` FOREIGN KEY (`user_id`) REFERENCES `users` (`user_id`) ON DELETE CASCADE,
  ADD CONSTRAINT `certificates_ibfk_2` FOREIGN KEY (`course_id`) REFERENCES `courses` (`course_id`) ON DELETE CASCADE;

--
-- Constraints for table `courses`
--
ALTER TABLE `courses`
  ADD CONSTRAINT `courses_ibfk_1` FOREIGN KEY (`category_id`) REFERENCES `categories` (`category_id`) ON DELETE SET NULL,
  ADD CONSTRAINT `courses_ibfk_2` FOREIGN KEY (`admin_id`) REFERENCES `users` (`user_id`) ON DELETE CASCADE;

--
-- Constraints for table `course_sections`
--
ALTER TABLE `course_sections`
  ADD CONSTRAINT `course_sections_ibfk_1` FOREIGN KEY (`course_id`) REFERENCES `courses` (`course_id`) ON DELETE CASCADE;

--
-- Constraints for table `enrollments`
--
ALTER TABLE `enrollments`
  ADD CONSTRAINT `enrollments_ibfk_1` FOREIGN KEY (`user_id`) REFERENCES `users` (`user_id`) ON DELETE CASCADE,
  ADD CONSTRAINT `enrollments_ibfk_2` FOREIGN KEY (`course_id`) REFERENCES `courses` (`course_id`) ON DELETE CASCADE,
  ADD CONSTRAINT `fk_enrollments_subscription` FOREIGN KEY (`subscription_id`) REFERENCES `subscription_plans` (`subscription_id`) ON DELETE SET NULL;

--
-- Constraints for table `event_likes`
--
ALTER TABLE `event_likes`
  ADD CONSTRAINT `event_likes_event_id_foreign` FOREIGN KEY (`event_id`) REFERENCES `events` (`event_id`) ON DELETE CASCADE,
  ADD CONSTRAINT `event_likes_user_id_foreign` FOREIGN KEY (`user_id`) REFERENCES `users` (`user_id`) ON DELETE CASCADE;

--
-- Constraints for table `lessons`
--
ALTER TABLE `lessons`
  ADD CONSTRAINT `lessons_ibfk_1` FOREIGN KEY (`section_id`) REFERENCES `course_sections` (`section_id`) ON DELETE CASCADE;

--
-- Constraints for table `lesson_progress`
--
ALTER TABLE `lesson_progress`
  ADD CONSTRAINT `lesson_progress_ibfk_1` FOREIGN KEY (`user_id`) REFERENCES `users` (`user_id`) ON DELETE CASCADE,
  ADD CONSTRAINT `lesson_progress_ibfk_2` FOREIGN KEY (`lesson_id`) REFERENCES `lessons` (`lesson_id`) ON DELETE CASCADE;

--
-- Constraints for table `notifications`
--
ALTER TABLE `notifications`
  ADD CONSTRAINT `notifications_ibfk_1` FOREIGN KEY (`user_id`) REFERENCES `users` (`user_id`) ON DELETE CASCADE;

--
-- Constraints for table `payments`
--
ALTER TABLE `payments`
  ADD CONSTRAINT `payments_ibfk_1` FOREIGN KEY (`user_id`) REFERENCES `users` (`user_id`) ON DELETE CASCADE,
  ADD CONSTRAINT `payments_ibfk_2` FOREIGN KEY (`course_id`) REFERENCES `courses` (`course_id`) ON DELETE CASCADE,
  ADD CONSTRAINT `payments_ibfk_3` FOREIGN KEY (`payment_method_id`) REFERENCES `payment_methods` (`payment_method_id`) ON DELETE CASCADE;

--
-- Constraints for table `payment_methods`
--
ALTER TABLE `payment_methods`
  ADD CONSTRAINT `fk_payment_methods_bank_details` FOREIGN KEY (`bank_detail_id`) REFERENCES `bank_payment_details` (`bank_detail_id`) ON DELETE SET NULL ON UPDATE CASCADE;

--
-- Constraints for table `referrals`
--
ALTER TABLE `referrals`
  ADD CONSTRAINT `referrals_ibfk_1` FOREIGN KEY (`referrer_id`) REFERENCES `users` (`user_id`) ON DELETE CASCADE,
  ADD CONSTRAINT `referrals_ibfk_2` FOREIGN KEY (`referred_id`) REFERENCES `users` (`user_id`) ON DELETE CASCADE,
  ADD CONSTRAINT `referrals_ibfk_3` FOREIGN KEY (`referral_code_id`) REFERENCES `referral_codes` (`referral_code_id`) ON DELETE CASCADE,
  ADD CONSTRAINT `referrals_ibfk_4` FOREIGN KEY (`enrollment_id`) REFERENCES `enrollments` (`enrollment_id`) ON DELETE SET NULL,
  ADD CONSTRAINT `referrals_ibfk_5` FOREIGN KEY (`payment_id`) REFERENCES `payments` (`payment_id`) ON DELETE SET NULL;

--
-- Constraints for table `referral_codes`
--
ALTER TABLE `referral_codes`
  ADD CONSTRAINT `referral_codes_ibfk_1` FOREIGN KEY (`user_id`) REFERENCES `users` (`user_id`) ON DELETE CASCADE;

--
-- Constraints for table `reviews`
--
ALTER TABLE `reviews`
  ADD CONSTRAINT `reviews_ibfk_1` FOREIGN KEY (`user_id`) REFERENCES `users` (`user_id`) ON DELETE CASCADE,
  ADD CONSTRAINT `reviews_ibfk_2` FOREIGN KEY (`course_id`) REFERENCES `courses` (`course_id`) ON DELETE CASCADE;

--
-- Constraints for table `review_responses`
--
ALTER TABLE `review_responses`
  ADD CONSTRAINT `review_responses_ibfk_1` FOREIGN KEY (`review_id`) REFERENCES `reviews` (`review_id`) ON DELETE CASCADE,
  ADD CONSTRAINT `review_responses_ibfk_2` FOREIGN KEY (`user_id`) REFERENCES `users` (`user_id`) ON DELETE CASCADE;

--
-- Constraints for table `support_messages`
--
ALTER TABLE `support_messages`
  ADD CONSTRAINT `support_messages_ibfk_1` FOREIGN KEY (`ticket_id`) REFERENCES `support_tickets` (`ticket_id`) ON DELETE CASCADE,
  ADD CONSTRAINT `support_messages_ibfk_2` FOREIGN KEY (`sender_id`) REFERENCES `users` (`user_id`) ON DELETE CASCADE;

--
-- Constraints for table `support_tickets`
--
ALTER TABLE `support_tickets`
  ADD CONSTRAINT `support_tickets_ibfk_1` FOREIGN KEY (`user_id`) REFERENCES `users` (`user_id`) ON DELETE CASCADE,
  ADD CONSTRAINT `support_tickets_ibfk_2` FOREIGN KEY (`category_id`) REFERENCES `support_categories` (`category_id`) ON DELETE SET NULL;

--
-- Constraints for table `user_roles`
--
ALTER TABLE `user_roles`
  ADD CONSTRAINT `user_roles_ibfk_1` FOREIGN KEY (`user_id`) REFERENCES `users` (`user_id`) ON DELETE CASCADE,
  ADD CONSTRAINT `user_roles_ibfk_2` FOREIGN KEY (`role_id`) REFERENCES `roles` (`role_id`) ON DELETE CASCADE;

--
-- Constraints for table `user_subscriptions`
--
ALTER TABLE `user_subscriptions`
  ADD CONSTRAINT `user_subscriptions_ibfk_1` FOREIGN KEY (`user_id`) REFERENCES `users` (`user_id`) ON DELETE CASCADE,
  ADD CONSTRAINT `user_subscriptions_ibfk_2` FOREIGN KEY (`subscription_id`) REFERENCES `subscription_plans` (`subscription_id`) ON DELETE CASCADE,
  ADD CONSTRAINT `user_subscriptions_ibfk_3` FOREIGN KEY (`payment_id`) REFERENCES `payments` (`payment_id`) ON DELETE SET NULL;

--
-- Constraints for table `wishlist`
--
ALTER TABLE `wishlist`
  ADD CONSTRAINT `wishlist_ibfk_1` FOREIGN KEY (`user_id`) REFERENCES `users` (`user_id`) ON DELETE CASCADE,
  ADD CONSTRAINT `wishlist_ibfk_2` FOREIGN KEY (`course_id`) REFERENCES `courses` (`course_id`) ON DELETE CASCADE;

--
-- Constraints for table `withdrawals`
--
ALTER TABLE `withdrawals`
  ADD CONSTRAINT `withdrawals_ibfk_1` FOREIGN KEY (`user_id`) REFERENCES `users` (`user_id`) ON DELETE CASCADE;
COMMIT;

/*!40101 SET CHARACTER_SET_CLIENT=@OLD_CHARACTER_SET_CLIENT */;
/*!40101 SET CHARACTER_SET_RESULTS=@OLD_CHARACTER_SET_RESULTS */;
/*!40101 SET COLLATION_CONNECTION=@OLD_COLLATION_CONNECTION */;
